followers_count;friends_count;tweets_count;Out;In
N;N;N;S;S
2;2;2;#sales;#job
2;2;2;#job;#sales
2;2;2;#sales;#glenmont
2;2;2;#glenmont;#sales
2;2;2;#sales;#jobs
2;2;2;#jobs;#sales
2;2;2;#sales;#hiring
2;2;2;#hiring;#sales
2;2;2;#job;#glenmont
2;2;2;#glenmont;#job
2;2;2;#job;#jobs
2;2;2;#jobs;#job
2;2;2;#job;#hiring
2;2;2;#hiring;#job
2;2;2;#glenmont;#jobs
2;2;2;#jobs;#glenmont
2;2;2;#glenmont;#hiring
2;2;2;#hiring;#glenmont
2;2;2;#jobs;#hiring
2;2;2;#hiring;#jobs
3;2;3;#newyork;#marketing
3;2;3;#marketing;#newyork
3;2;3;#newyork;#job
3;2;3;#job;#newyork
3;2;3;#newyork;#jobs
3;2;3;#jobs;#newyork
3;2;3;#newyork;#hiring
3;2;3;#hiring;#newyork
3;2;3;#newyork;#careerarc
3;2;3;#careerarc;#newyork
3;2;3;#marketing;#job
3;2;3;#job;#marketing
3;2;3;#marketing;#jobs
3;2;3;#jobs;#marketing
3;2;3;#marketing;#hiring
3;2;3;#hiring;#marketing
3;2;3;#marketing;#careerarc
3;2;3;#careerarc;#marketing
3;2;3;#job;#jobs
3;2;3;#jobs;#job
3;2;3;#job;#hiring
3;2;3;#hiring;#job
3;2;3;#job;#careerarc
3;2;3;#careerarc;#job
3;2;3;#jobs;#hiring
3;2;3;#hiring;#jobs
3;2;3;#jobs;#careerarc
3;2;3;#careerarc;#jobs
3;2;3;#hiring;#careerarc
3;2;3;#careerarc;#hiring
2;2;3;#nursing;#job
2;2;3;#job;#nursing
2;2;3;#nursing;#jobs
2;2;3;#jobs;#nursing
2;2;3;#nursing;#hiring
2;2;3;#hiring;#nursing
2;2;3;#job;#jobs
2;2;3;#jobs;#job
2;2;3;#job;#hiring
2;2;3;#hiring;#job
2;2;3;#jobs;#hiring
2;2;3;#hiring;#jobs
4;4;4;#love;#hair
4;4;4;#hair;#love
4;4;4;#love;#thankyou
4;4;4;#thankyou;#love
4;4;4;#love;#best
4;4;4;#best;#love
4;4;4;#love;#business
4;4;4;#business;#love
4;4;4;#hair;#thankyou
4;4;4;#thankyou;#hair
4;4;4;#hair;#best
4;4;4;#best;#hair
4;4;4;#hair;#business
4;4;4;#business;#hair
4;4;4;#thankyou;#best
4;4;4;#best;#thankyou
4;4;4;#thankyou;#business
4;4;4;#business;#thankyou
4;4;4;#best;#business
4;4;4;#business;#best
1;1;4;@heatherorourke7;@kalaramatv
1;1;4;@kalaramatv;@heatherorourke7
1;1;4;@heatherorourke7;@amyfreeze
1;1;4;@amyfreeze;@heatherorourke7
1;1;4;@kalaramatv;@amyfreeze
1;1;4;@amyfreeze;@kalaramatv
2;2;2;#newyork;#job
2;2;2;#job;#newyork
2;2;2;#newyork;#healthcare
2;2;2;#healthcare;#newyork
2;2;2;#job;#healthcare
2;2;2;#healthcare;#job
1;2;2;@midnight;#badmoviemashups
1;2;2;#badmoviemashups;@midnight
3;2;3;#ff;@ae
3;2;3;@ae;#ff
2;2;4;@lindacohn;@sportscenter
2;2;4;@sportscenter;@lindacohn
2;2;4;@lindacohn;@espn
2;2;4;@espn;@lindacohn
2;2;4;@sportscenter;@espn
2;2;4;@espn;@sportscenter
3;3;3;#beautiful;#view
3;3;3;#view;#beautiful
3;3;3;#beautiful;#nyc
3;3;3;#nyc;#beautiful
3;3;3;#view;#nyc
3;3;3;#nyc;#view
3;1;2;#coupon;#jackson
3;1;2;#jackson;#coupon
3;1;2;#coupon;#newjersey
3;1;2;#newjersey;#coupon
3;1;2;#jackson;#newjersey
3;1;2;#newjersey;#jackson
2;2;3;@hillaryclinton;@monsantoco
2;2;3;@monsantoco;@hillaryclinton
3;2;3;#nyc;#hudsonyards
3;2;3;#hudsonyards;#nyc
2;3;4;#nyfw;#blogger
2;3;4;#blogger;#nyfw
2;3;4;#nyfw;#backstage
2;3;4;#backstage;#nyfw
2;3;4;#blogger;#backstage
2;3;4;#backstage;#blogger
3;1;2;#coupon;#jackson
3;1;2;#jackson;#coupon
3;1;2;#coupon;#newjersey
3;1;2;#newjersey;#coupon
3;1;2;#jackson;#newjersey
3;1;2;#newjersey;#jackson
3;1;2;#coupon;#jackson
3;1;2;#jackson;#coupon
3;1;2;#coupon;#newjersey
3;1;2;#newjersey;#coupon
3;1;2;#jackson;#newjersey
3;1;2;#newjersey;#jackson
2;2;3;#internship;#job
2;2;3;#job;#internship
2;2;3;#internship;#newyork
2;2;3;#newyork;#internship
2;2;3;#internship;#jobs
2;2;3;#jobs;#internship
2;2;3;#internship;#hiring
2;2;3;#hiring;#internship
2;2;3;#job;#newyork
2;2;3;#newyork;#job
2;2;3;#job;#jobs
2;2;3;#jobs;#job
2;2;3;#job;#hiring
2;2;3;#hiring;#job
2;2;3;#newyork;#jobs
2;2;3;#jobs;#newyork
2;2;3;#newyork;#hiring
2;2;3;#hiring;#newyork
2;2;3;#jobs;#hiring
2;2;3;#hiring;#jobs
2;2;3;@realdonaldtrump;@dhecei
2;2;3;@dhecei;@realdonaldtrump
2;2;2;#engineering;#job
2;2;2;#job;#engineering
2;2;2;#engineering;#newyork
2;2;2;#newyork;#engineering
2;2;2;#engineering;#hiring
2;2;2;#hiring;#engineering
2;2;2;#engineering;#careerarc
2;2;2;#careerarc;#engineering
2;2;2;#job;#newyork
2;2;2;#newyork;#job
2;2;2;#job;#hiring
2;2;2;#hiring;#job
2;2;2;#job;#careerarc
2;2;2;#careerarc;#job
2;2;2;#newyork;#hiring
2;2;2;#hiring;#newyork
2;2;2;#newyork;#careerarc
2;2;2;#careerarc;#newyork
2;2;2;#hiring;#careerarc
2;2;2;#careerarc;#hiring
2;2;2;#albany;#hospitality
2;2;2;#hospitality;#albany
2;2;2;#albany;#job
2;2;2;#job;#albany
2;2;2;#albany;#jobs
2;2;2;#jobs;#albany
2;2;2;#albany;#hiring
2;2;2;#hiring;#albany
2;2;2;#hospitality;#job
2;2;2;#job;#hospitality
2;2;2;#hospitality;#jobs
2;2;2;#jobs;#hospitality
2;2;2;#hospitality;#hiring
2;2;2;#hiring;#hospitality
2;2;2;#job;#jobs
2;2;2;#jobs;#job
2;2;2;#job;#hiring
2;2;2;#hiring;#job
2;2;2;#jobs;#hiring
2;2;2;#hiring;#jobs
3;3;3;@bibhumohapatra;#ss16
3;3;3;#ss16;@bibhumohapatra
3;3;3;@bibhumohapatra;#cfdanyfw
3;3;3;#cfdanyfw;@bibhumohapatra
3;3;3;#ss16;#cfdanyfw
3;3;3;#cfdanyfw;#ss16
2;2;3;#nyfw;#ss16
2;2;3;#ss16;#nyfw
2;2;3;#nyfw;#dvf
2;2;3;#dvf;#nyfw
2;2;3;#ss16;#dvf
2;2;3;#dvf;#ss16
2;1;3;#art;#job
2;1;3;#job;#art
2;1;3;#art;#newyork
2;1;3;#newyork;#art
2;1;3;#art;#hiring
2;1;3;#hiring;#art
2;1;3;#art;#careerarc
2;1;3;#careerarc;#art
2;1;3;#job;#newyork
2;1;3;#newyork;#job
2;1;3;#job;#hiring
2;1;3;#hiring;#job
2;1;3;#job;#careerarc
2;1;3;#careerarc;#job
2;1;3;#newyork;#hiring
2;1;3;#hiring;#newyork
2;1;3;#newyork;#careerarc
2;1;3;#careerarc;#newyork
2;1;3;#hiring;#careerarc
2;1;3;#careerarc;#hiring
2;2;3;#nyc;#timessquare
2;2;3;#timessquare;#nyc
2;2;3;#nyc;#newyork
2;2;3;#newyork;#nyc
2;2;3;#nyc;@francescoyates
2;2;3;@francescoyates;#nyc
2;2;3;#nyc;#travel
2;2;3;#travel;#nyc
2;2;3;#nyc;#usa
2;2;3;#usa;#nyc
2;2;3;#timessquare;#newyork
2;2;3;#newyork;#timessquare
2;2;3;#timessquare;@francescoyates
2;2;3;@francescoyates;#timessquare
2;2;3;#timessquare;#travel
2;2;3;#travel;#timessquare
2;2;3;#timessquare;#usa
2;2;3;#usa;#timessquare
2;2;3;#newyork;@francescoyates
2;2;3;@francescoyates;#newyork
2;2;3;#newyork;#travel
2;2;3;#travel;#newyork
2;2;3;#newyork;#usa
2;2;3;#usa;#newyork
2;2;3;@francescoyates;#travel
2;2;3;#travel;@francescoyates
2;2;3;@francescoyates;#usa
2;2;3;#usa;@francescoyates
2;2;3;#travel;#usa
2;2;3;#usa;#travel
3;2;3;#marketing;#job
3;2;3;#job;#marketing
3;2;3;#marketing;#newyork
3;2;3;#newyork;#marketing
3;2;3;#marketing;#hiring
3;2;3;#hiring;#marketing
3;2;3;#marketing;#careerarc
3;2;3;#careerarc;#marketing
3;2;3;#job;#newyork
3;2;3;#newyork;#job
3;2;3;#job;#hiring
3;2;3;#hiring;#job
3;2;3;#job;#careerarc
3;2;3;#careerarc;#job
3;2;3;#newyork;#hiring
3;2;3;#hiring;#newyork
3;2;3;#newyork;#careerarc
3;2;3;#careerarc;#newyork
3;2;3;#hiring;#careerarc
3;2;3;#careerarc;#hiring
1;2;2;@midnight;#badmoviemashups
1;2;2;#badmoviemashups;@midnight
2;2;4;@potus;@netanyahu
2;2;4;@netanyahu;@potus
2;2;4;@eseazenabor;#nyfw
2;2;4;#nyfw;@eseazenabor
2;2;2;#hiring;#it
2;2;2;#it;#hiring
2;2;2;#hiring;#newyork
2;2;2;#newyork;#hiring
2;2;2;#hiring;#job
2;2;2;#job;#hiring
2;2;2;#hiring;#jobs
2;2;2;#jobs;#hiring
2;2;2;#hiring;#careerarc
2;2;2;#careerarc;#hiring
2;2;2;#it;#newyork
2;2;2;#newyork;#it
2;2;2;#it;#job
2;2;2;#job;#it
2;2;2;#it;#jobs
2;2;2;#jobs;#it
2;2;2;#it;#careerarc
2;2;2;#careerarc;#it
2;2;2;#newyork;#job
2;2;2;#job;#newyork
2;2;2;#newyork;#jobs
2;2;2;#jobs;#newyork
2;2;2;#newyork;#careerarc
2;2;2;#careerarc;#newyork
2;2;2;#job;#jobs
2;2;2;#jobs;#job
2;2;2;#job;#careerarc
2;2;2;#careerarc;#job
2;2;2;#jobs;#careerarc
2;2;2;#careerarc;#jobs
3;2;2;#hiring;#newyork
3;2;2;#newyork;#hiring
3;2;2;#hiring;#job
3;2;2;#job;#hiring
3;2;2;#hiring;#jobs
3;2;2;#jobs;#hiring
3;2;2;#hiring;#careerarc
3;2;2;#careerarc;#hiring
3;2;2;#newyork;#job
3;2;2;#job;#newyork
3;2;2;#newyork;#jobs
3;2;2;#jobs;#newyork
3;2;2;#newyork;#careerarc
3;2;2;#careerarc;#newyork
3;2;2;#job;#jobs
3;2;2;#jobs;#job
3;2;2;#job;#careerarc
3;2;2;#careerarc;#job
3;2;2;#jobs;#careerarc
3;2;2;#careerarc;#jobs
3;2;3;#giveaway;#bookboost
3;2;3;#bookboost;#giveaway
3;2;3;#giveaway;#winewednesday
3;2;3;#winewednesday;#giveaway
3;2;3;#bookboost;#winewednesday
3;2;3;#winewednesday;#bookboost
2;2;3;@igmpj;@nobfhere
2;2;3;@nobfhere;@igmpj
2;2;3;@igmpj;@ehorstman36
2;2;3;@ehorstman36;@igmpj
2;2;3;@igmpj;@george
2;2;3;@george;@igmpj
2;2;3;@igmpj;@salgualano
2;2;3;@salgualano;@igmpj
2;2;3;@igmpj;@chengweiming
2;2;3;@chengweiming;@igmpj
2;2;3;@igmpj;@michaelseymourx
2;2;3;@michaelseymourx;@igmpj
2;2;3;@nobfhere;@ehorstman36
2;2;3;@ehorstman36;@nobfhere
2;2;3;@nobfhere;@george
2;2;3;@george;@nobfhere
2;2;3;@nobfhere;@salgualano
2;2;3;@salgualano;@nobfhere
2;2;3;@nobfhere;@chengweiming
2;2;3;@chengweiming;@nobfhere
2;2;3;@nobfhere;@michaelseymourx
2;2;3;@michaelseymourx;@nobfhere
2;2;3;@ehorstman36;@george
2;2;3;@george;@ehorstman36
2;2;3;@ehorstman36;@salgualano
2;2;3;@salgualano;@ehorstman36
2;2;3;@ehorstman36;@chengweiming
2;2;3;@chengweiming;@ehorstman36
2;2;3;@ehorstman36;@michaelseymourx
2;2;3;@michaelseymourx;@ehorstman36
2;2;3;@george;@salgualano
2;2;3;@salgualano;@george
2;2;3;@george;@chengweiming
2;2;3;@chengweiming;@george
2;2;3;@george;@michaelseymourx
2;2;3;@michaelseymourx;@george
2;2;3;@salgualano;@chengweiming
2;2;3;@chengweiming;@salgualano
2;2;3;@salgualano;@michaelseymourx
2;2;3;@michaelseymourx;@salgualano
2;2;3;@chengweiming;@michaelseymourx
2;2;3;@michaelseymourx;@chengweiming
2;2;2;#art;#job
2;2;2;#job;#art
2;2;2;#art;#admin
2;2;2;#admin;#art
2;2;2;#art;#newyork
2;2;2;#newyork;#art
2;2;2;#art;#hiring
2;2;2;#hiring;#art
2;2;2;#art;#careerarc
2;2;2;#careerarc;#art
2;2;2;#job;#admin
2;2;2;#admin;#job
2;2;2;#job;#newyork
2;2;2;#newyork;#job
2;2;2;#job;#hiring
2;2;2;#hiring;#job
2;2;2;#job;#careerarc
2;2;2;#careerarc;#job
2;2;2;#admin;#newyork
2;2;2;#newyork;#admin
2;2;2;#admin;#hiring
2;2;2;#hiring;#admin
2;2;2;#admin;#careerarc
2;2;2;#careerarc;#admin
2;2;2;#newyork;#hiring
2;2;2;#hiring;#newyork
2;2;2;#newyork;#careerarc
2;2;2;#careerarc;#newyork
2;2;2;#hiring;#careerarc
2;2;2;#careerarc;#hiring
2;2;3;#newyork;#manhattan
2;2;3;#manhattan;#newyork
2;2;3;#newyork;#usa
2;2;3;#usa;#newyork
2;2;3;#manhattan;#usa
2;2;3;#usa;#manhattan
2;2;2;@theweeknd;@kendricklamar
2;2;2;@kendricklamar;@theweeknd
2;3;2;@nerouk;#newmusic
2;3;2;#newmusic;@nerouk
2;3;2;#ny;#oriental
2;3;2;#oriental;#ny
6;0;4;#nyfw;#michaelkors
6;0;4;#michaelkors;#nyfw
3;2;5;#thebronx;#traffic
3;2;5;#traffic;#thebronx
2;2;3;#newyork;#internship
2;2;3;#internship;#newyork
2;2;3;#newyork;#job
2;2;3;#job;#newyork
2;2;3;#newyork;#jobs
2;2;3;#jobs;#newyork
2;2;3;#newyork;#hiring
2;2;3;#hiring;#newyork
2;2;3;#newyork;#careerarc
2;2;3;#careerarc;#newyork
2;2;3;#internship;#job
2;2;3;#job;#internship
2;2;3;#internship;#jobs
2;2;3;#jobs;#internship
2;2;3;#internship;#hiring
2;2;3;#hiring;#internship
2;2;3;#internship;#careerarc
2;2;3;#careerarc;#internship
2;2;3;#job;#jobs
2;2;3;#jobs;#job
2;2;3;#job;#hiring
2;2;3;#hiring;#job
2;2;3;#job;#careerarc
2;2;3;#careerarc;#job
2;2;3;#jobs;#hiring
2;2;3;#hiring;#jobs
2;2;3;#jobs;#careerarc
2;2;3;#careerarc;#jobs
2;2;3;#hiring;#careerarc
2;2;3;#careerarc;#hiring
3;2;5;#nyc;#traffic
3;2;5;#traffic;#nyc
2;2;3;#corona;#retail
2;2;3;#retail;#corona
2;2;3;#corona;#job
2;2;3;#job;#corona
2;2;3;#corona;#jobs
2;2;3;#jobs;#corona
2;2;3;#corona;#hiring
2;2;3;#hiring;#corona
2;2;3;#corona;#careerarc
2;2;3;#careerarc;#corona
2;2;3;#retail;#job
2;2;3;#job;#retail
2;2;3;#retail;#jobs
2;2;3;#jobs;#retail
2;2;3;#retail;#hiring
2;2;3;#hiring;#retail
2;2;3;#retail;#careerarc
2;2;3;#careerarc;#retail
2;2;3;#job;#jobs
2;2;3;#jobs;#job
2;2;3;#job;#hiring
2;2;3;#hiring;#job
2;2;3;#job;#careerarc
2;2;3;#careerarc;#job
2;2;3;#jobs;#hiring
2;2;3;#hiring;#jobs
2;2;3;#jobs;#careerarc
2;2;3;#careerarc;#jobs
2;2;3;#hiring;#careerarc
2;2;3;#careerarc;#hiring
2;2;3;#brooklyn;#internship
2;2;3;#internship;#brooklyn
2;2;3;#brooklyn;#job
2;2;3;#job;#brooklyn
2;2;3;#brooklyn;#jobs
2;2;3;#jobs;#brooklyn
2;2;3;#brooklyn;#hiring
2;2;3;#hiring;#brooklyn
2;2;3;#brooklyn;#careerarc
2;2;3;#careerarc;#brooklyn
2;2;3;#internship;#job
2;2;3;#job;#internship
2;2;3;#internship;#jobs
2;2;3;#jobs;#internship
2;2;3;#internship;#hiring
2;2;3;#hiring;#internship
2;2;3;#internship;#careerarc
2;2;3;#careerarc;#internship
2;2;3;#job;#jobs
2;2;3;#jobs;#job
2;2;3;#job;#hiring
2;2;3;#hiring;#job
2;2;3;#job;#careerarc
2;2;3;#careerarc;#job
2;2;3;#jobs;#hiring
2;2;3;#hiring;#jobs
2;2;3;#jobs;#careerarc
2;2;3;#careerarc;#jobs
2;2;3;#hiring;#careerarc
2;2;3;#careerarc;#hiring
2;2;2;#newyork;#job
2;2;2;#job;#newyork
2;2;2;#newyork;#accounting
2;2;2;#accounting;#newyork
2;2;2;#newyork;#hiring
2;2;2;#hiring;#newyork
2;2;2;#job;#accounting
2;2;2;#accounting;#job
2;2;2;#job;#hiring
2;2;2;#hiring;#job
2;2;2;#accounting;#hiring
2;2;2;#hiring;#accounting
2;3;3;#nyfw;#nyc
2;3;3;#nyc;#nyfw
2;2;3;@billdeblasio;#education
2;2;3;#education;@billdeblasio
2;2;4;#moments;#family
2;2;4;#family;#moments
2;2;4;#moments;#purpose
2;2;4;#purpose;#moments
2;2;4;#family;#purpose
2;2;4;#purpose;#family
6;3;5;@michaelkors;#nyfw
6;3;5;#nyfw;@michaelkors
2;2;3;#retail;#job
2;2;3;#job;#retail
2;2;3;#retail;#newyork
2;2;3;#newyork;#retail
2;2;3;#retail;#hiring
2;2;3;#hiring;#retail
2;2;3;#retail;#careerarc
2;2;3;#careerarc;#retail
2;2;3;#job;#newyork
2;2;3;#newyork;#job
2;2;3;#job;#hiring
2;2;3;#hiring;#job
2;2;3;#job;#careerarc
2;2;3;#careerarc;#job
2;2;3;#newyork;#hiring
2;2;3;#hiring;#newyork
2;2;3;#newyork;#careerarc
2;2;3;#careerarc;#newyork
2;2;3;#hiring;#careerarc
2;2;3;#careerarc;#hiring
6;3;5;@michaelkors;#nyfw
6;3;5;#nyfw;@michaelkors
2;2;1;#manufacturing;#job
2;2;1;#job;#manufacturing
2;2;1;#manufacturing;#newyork
2;2;1;#newyork;#manufacturing
2;2;1;#manufacturing;#hiring
2;2;1;#hiring;#manufacturing
2;2;1;#job;#newyork
2;2;1;#newyork;#job
2;2;1;#job;#hiring
2;2;1;#hiring;#job
2;2;1;#newyork;#hiring
2;2;1;#hiring;#newyork
3;2;3;#bookboost;#winewednesday
3;2;3;#winewednesday;#bookboost
2;2;4;@linspiredinca;@nardiahuang
2;2;4;@nardiahuang;@linspiredinca
2;2;4;@linspiredinca;@amazon
2;2;4;@amazon;@linspiredinca
2;2;4;@nardiahuang;@amazon
2;2;4;@amazon;@nardiahuang
2;3;3;#inspiration;#quote
2;3;3;#quote;#inspiration
3;2;4;#dicethegod;#nyfw15
3;2;4;#nyfw15;#dicethegod
3;2;4;#doctorwho;@doctorwho
3;2;4;@doctorwho;#doctorwho
2;3;4;#genderswag;#love
2;3;4;#love;#genderswag
2;3;4;#genderswag;#lgbt
2;3;4;#lgbt;#genderswag
2;3;4;#genderswag;#allies
2;3;4;#allies;#genderswag
2;3;4;#love;#lgbt
2;3;4;#lgbt;#love
2;3;4;#love;#allies
2;3;4;#allies;#love
2;3;4;#lgbt;#allies
2;3;4;#allies;#lgbt
2;2;2;#businessmgmt;#job
2;2;2;#job;#businessmgmt
2;2;2;#businessmgmt;#newyork
2;2;2;#newyork;#businessmgmt
2;2;2;#businessmgmt;#kellyjobs
2;2;2;#kellyjobs;#businessmgmt
2;2;2;#businessmgmt;#kellyservices
2;2;2;#kellyservices;#businessmgmt
2;2;2;#businessmgmt;#jobs
2;2;2;#jobs;#businessmgmt
2;2;2;#businessmgmt;#hiring
2;2;2;#hiring;#businessmgmt
2;2;2;#job;#newyork
2;2;2;#newyork;#job
2;2;2;#job;#kellyjobs
2;2;2;#kellyjobs;#job
2;2;2;#job;#kellyservices
2;2;2;#kellyservices;#job
2;2;2;#job;#jobs
2;2;2;#jobs;#job
2;2;2;#job;#hiring
2;2;2;#hiring;#job
2;2;2;#newyork;#kellyjobs
2;2;2;#kellyjobs;#newyork
2;2;2;#newyork;#kellyservices
2;2;2;#kellyservices;#newyork
2;2;2;#newyork;#jobs
2;2;2;#jobs;#newyork
2;2;2;#newyork;#hiring
2;2;2;#hiring;#newyork
2;2;2;#kellyjobs;#kellyservices
2;2;2;#kellyservices;#kellyjobs
2;2;2;#kellyjobs;#jobs
2;2;2;#jobs;#kellyjobs
2;2;2;#kellyjobs;#hiring
2;2;2;#hiring;#kellyjobs
2;2;2;#kellyservices;#jobs
2;2;2;#jobs;#kellyservices
2;2;2;#kellyservices;#hiring
2;2;2;#hiring;#kellyservices
2;2;2;#jobs;#hiring
2;2;2;#hiring;#jobs
2;3;4;#genderswag;#love
2;3;4;#love;#genderswag
2;3;4;#genderswag;#lgbt
2;3;4;#lgbt;#genderswag
2;3;4;#genderswag;#allies
2;3;4;#allies;#genderswag
2;3;4;#love;#lgbt
2;3;4;#lgbt;#love
2;3;4;#love;#allies
2;3;4;#allies;#love
2;3;4;#lgbt;#allies
2;3;4;#allies;#lgbt
1;0;2;#albany;#pharmaceutical
1;0;2;#pharmaceutical;#albany
1;0;2;#albany;#job
1;0;2;#job;#albany
1;0;2;#albany;#jobs
1;0;2;#jobs;#albany
1;0;2;#albany;#hiring
1;0;2;#hiring;#albany
1;0;2;#pharmaceutical;#job
1;0;2;#job;#pharmaceutical
1;0;2;#pharmaceutical;#jobs
1;0;2;#jobs;#pharmaceutical
1;0;2;#pharmaceutical;#hiring
1;0;2;#hiring;#pharmaceutical
1;0;2;#job;#jobs
1;0;2;#jobs;#job
1;0;2;#job;#hiring
1;0;2;#hiring;#job
1;0;2;#jobs;#hiring
1;0;2;#hiring;#jobs
3;3;3;#manhattan;#newyork
3;3;3;#newyork;#manhattan
3;3;3;#manhattan;#nyfw
3;3;3;#nyfw;#manhattan
3;3;3;#manhattan;#ny
3;3;3;#ny;#manhattan
3;3;3;#manhattan;#snapchat
3;3;3;#snapchat;#manhattan
3;3;3;#newyork;#nyfw
3;3;3;#nyfw;#newyork
3;3;3;#newyork;#ny
3;3;3;#ny;#newyork
3;3;3;#newyork;#snapchat
3;3;3;#snapchat;#newyork
3;3;3;#nyfw;#ny
3;3;3;#ny;#nyfw
3;3;3;#nyfw;#snapchat
3;3;3;#snapchat;#nyfw
3;3;3;#ny;#snapchat
3;3;3;#snapchat;#ny
2;3;4;#genderswag;#love
2;3;4;#love;#genderswag
2;3;4;#genderswag;#lgbt
2;3;4;#lgbt;#genderswag
2;3;4;#genderswag;#allies
2;3;4;#allies;#genderswag
2;3;4;#love;#lgbt
2;3;4;#lgbt;#love
2;3;4;#love;#allies
2;3;4;#allies;#love
2;3;4;#lgbt;#allies
2;3;4;#allies;#lgbt
2;3;4;#nyfw;#michaelkors
2;3;4;#michaelkors;#nyfw
2;3;4;#genderswag;#love
2;3;4;#love;#genderswag
2;3;4;#genderswag;#lgbt
2;3;4;#lgbt;#genderswag
2;3;4;#genderswag;#allies
2;3;4;#allies;#genderswag
2;3;4;#love;#lgbt
2;3;4;#lgbt;#love
2;3;4;#love;#allies
2;3;4;#allies;#love
2;3;4;#lgbt;#allies
2;3;4;#allies;#lgbt
2;3;4;#genderswag;#love
2;3;4;#love;#genderswag
2;3;4;#genderswag;#lgbt
2;3;4;#lgbt;#genderswag
2;3;4;#genderswag;#allies
2;3;4;#allies;#genderswag
2;3;4;#love;#lgbt
2;3;4;#lgbt;#love
2;3;4;#love;#allies
2;3;4;#allies;#love
2;3;4;#lgbt;#allies
2;3;4;#allies;#lgbt
2;2;3;#job;#dialysis
2;2;3;#dialysis;#job
2;2;3;#job;#brooklyn
2;2;3;#brooklyn;#job
2;2;3;#job;#hiring
2;2;3;#hiring;#job
2;2;3;#job;#careerarc
2;2;3;#careerarc;#job
2;2;3;#dialysis;#brooklyn
2;2;3;#brooklyn;#dialysis
2;2;3;#dialysis;#hiring
2;2;3;#hiring;#dialysis
2;2;3;#dialysis;#careerarc
2;2;3;#careerarc;#dialysis
2;2;3;#brooklyn;#hiring
2;2;3;#hiring;#brooklyn
2;2;3;#brooklyn;#careerarc
2;2;3;#careerarc;#brooklyn
2;2;3;#hiring;#careerarc
2;2;3;#careerarc;#hiring
1;2;2;#america;#wallstreet
1;2;2;#wallstreet;#america
1;2;2;#america;#diversity
1;2;2;#diversity;#america
1;2;2;#wallstreet;#diversity
1;2;2;#diversity;#wallstreet
2;3;4;#genderswag;#love
2;3;4;#love;#genderswag
2;3;4;#genderswag;#lgbt
2;3;4;#lgbt;#genderswag
2;3;4;#genderswag;#allies
2;3;4;#allies;#genderswag
2;3;4;#love;#lgbt
2;3;4;#lgbt;#love
2;3;4;#love;#allies
2;3;4;#allies;#love
2;3;4;#lgbt;#allies
2;3;4;#allies;#lgbt
2;3;4;#genderswag;#love
2;3;4;#love;#genderswag
2;3;4;#genderswag;#lgbt
2;3;4;#lgbt;#genderswag
2;3;4;#genderswag;#allies
2;3;4;#allies;#genderswag
2;3;4;#love;#lgbt
2;3;4;#lgbt;#love
2;3;4;#love;#allies
2;3;4;#allies;#love
2;3;4;#lgbt;#allies
2;3;4;#allies;#lgbt
2;2;1;#physician;#job
2;2;1;#job;#physician
2;2;1;#physician;#astoria
2;2;1;#astoria;#physician
2;2;1;#physician;#veterans
2;2;1;#veterans;#physician
2;2;1;#physician;#jobs
2;2;1;#jobs;#physician
2;2;1;#physician;#hiring
2;2;1;#hiring;#physician
2;2;1;#job;#astoria
2;2;1;#astoria;#job
2;2;1;#job;#veterans
2;2;1;#veterans;#job
2;2;1;#job;#jobs
2;2;1;#jobs;#job
2;2;1;#job;#hiring
2;2;1;#hiring;#job
2;2;1;#astoria;#veterans
2;2;1;#veterans;#astoria
2;2;1;#astoria;#jobs
2;2;1;#jobs;#astoria
2;2;1;#astoria;#hiring
2;2;1;#hiring;#astoria
2;2;1;#veterans;#jobs
2;2;1;#jobs;#veterans
2;2;1;#veterans;#hiring
2;2;1;#hiring;#veterans
2;2;1;#jobs;#hiring
2;2;1;#hiring;#jobs
2;3;4;#genderswag;#love
2;3;4;#love;#genderswag
2;3;4;#genderswag;#lgbt
2;3;4;#lgbt;#genderswag
2;3;4;#genderswag;#allies
2;3;4;#allies;#genderswag
2;3;4;#love;#lgbt
2;3;4;#lgbt;#love
2;3;4;#love;#allies
2;3;4;#allies;#love
2;3;4;#lgbt;#allies
2;3;4;#allies;#lgbt
2;2;3;@todayshow;@hodakotb
2;2;3;@hodakotb;@todayshow
2;2;3;@todayshow;@kathielgifford
2;2;3;@kathielgifford;@todayshow
2;2;3;@hodakotb;@kathielgifford
2;2;3;@kathielgifford;@hodakotb
2;3;4;#genderswag;#love
2;3;4;#love;#genderswag
2;3;4;#genderswag;#lgbt
2;3;4;#lgbt;#genderswag
2;3;4;#genderswag;#allies
2;3;4;#allies;#genderswag
2;3;4;#love;#lgbt
2;3;4;#lgbt;#love
2;3;4;#love;#allies
2;3;4;#allies;#love
2;3;4;#lgbt;#allies
2;3;4;#allies;#lgbt
3;2;3;@billdeblasio;@nycschools
3;2;3;@nycschools;@billdeblasio
3;3;4;@nycschools;@billdeblasio
3;3;4;@billdeblasio;@nycschools
2;3;4;#genderswag;#love
2;3;4;#love;#genderswag
2;3;4;#genderswag;#lgbt
2;3;4;#lgbt;#genderswag
2;3;4;#genderswag;#allies
2;3;4;#allies;#genderswag
2;3;4;#love;#lgbt
2;3;4;#lgbt;#love
2;3;4;#love;#allies
2;3;4;#allies;#love
2;3;4;#lgbt;#allies
2;3;4;#allies;#lgbt
2;3;4;#genderswag;#love
2;3;4;#love;#genderswag
2;3;4;#genderswag;#lgbt
2;3;4;#lgbt;#genderswag
2;3;4;#genderswag;#allies
2;3;4;#allies;#genderswag
2;3;4;#love;#lgbt
2;3;4;#lgbt;#love
2;3;4;#love;#allies
2;3;4;#allies;#love
2;3;4;#lgbt;#allies
2;3;4;#allies;#lgbt
2;3;4;#genderswag;#love
2;3;4;#love;#genderswag
2;3;4;#genderswag;#lgbt
2;3;4;#lgbt;#genderswag
2;3;4;#genderswag;#allies
2;3;4;#allies;#genderswag
2;3;4;#love;#lgbt
2;3;4;#lgbt;#love
2;3;4;#love;#allies
2;3;4;#allies;#love
2;3;4;#lgbt;#allies
2;3;4;#allies;#lgbt
2;3;3;@venuseswilliams;@serenawilliams
2;3;3;@serenawilliams;@venuseswilliams
2;3;4;#genderswag;#love
2;3;4;#love;#genderswag
2;3;4;#genderswag;#lgbt
2;3;4;#lgbt;#genderswag
2;3;4;#genderswag;#allies
2;3;4;#allies;#genderswag
2;3;4;#love;#lgbt
2;3;4;#lgbt;#love
2;3;4;#love;#allies
2;3;4;#allies;#love
2;3;4;#lgbt;#allies
2;3;4;#allies;#lgbt
2;3;4;#genderswag;#love
2;3;4;#love;#genderswag
2;3;4;#genderswag;#lgbt
2;3;4;#lgbt;#genderswag
2;3;4;#genderswag;#allies
2;3;4;#allies;#genderswag
2;3;4;#love;#lgbt
2;3;4;#lgbt;#love
2;3;4;#love;#allies
2;3;4;#allies;#love
2;3;4;#lgbt;#allies
2;3;4;#allies;#lgbt
2;3;4;#genderswag;#love
2;3;4;#love;#genderswag
2;3;4;#genderswag;#lgbt
2;3;4;#lgbt;#genderswag
2;3;4;#genderswag;#allies
2;3;4;#allies;#genderswag
2;3;4;#love;#lgbt
2;3;4;#lgbt;#love
2;3;4;#love;#allies
2;3;4;#allies;#love
2;3;4;#lgbt;#allies
2;3;4;#allies;#lgbt
2;2;2;#newyork;#clerical
2;2;2;#clerical;#newyork
2;2;2;#newyork;#job
2;2;2;#job;#newyork
2;2;2;#newyork;#jobs
2;2;2;#jobs;#newyork
2;2;2;#newyork;#hiring
2;2;2;#hiring;#newyork
2;2;2;#newyork;#careerarc
2;2;2;#careerarc;#newyork
2;2;2;#clerical;#job
2;2;2;#job;#clerical
2;2;2;#clerical;#jobs
2;2;2;#jobs;#clerical
2;2;2;#clerical;#hiring
2;2;2;#hiring;#clerical
2;2;2;#clerical;#careerarc
2;2;2;#careerarc;#clerical
2;2;2;#job;#jobs
2;2;2;#jobs;#job
2;2;2;#job;#hiring
2;2;2;#hiring;#job
2;2;2;#job;#careerarc
2;2;2;#careerarc;#job
2;2;2;#jobs;#hiring
2;2;2;#hiring;#jobs
2;2;2;#jobs;#careerarc
2;2;2;#careerarc;#jobs
2;2;2;#hiring;#careerarc
2;2;2;#careerarc;#hiring
2;3;4;#genderswag;#love
2;3;4;#love;#genderswag
2;3;4;#genderswag;#lgbt
2;3;4;#lgbt;#genderswag
2;3;4;#genderswag;#allies
2;3;4;#allies;#genderswag
2;3;4;#love;#lgbt
2;3;4;#lgbt;#love
2;3;4;#love;#allies
2;3;4;#allies;#love
2;3;4;#lgbt;#allies
2;3;4;#allies;#lgbt
2;3;4;#genderswag;#love
2;3;4;#love;#genderswag
2;3;4;#genderswag;#lgbt
2;3;4;#lgbt;#genderswag
2;3;4;#genderswag;#allies
2;3;4;#allies;#genderswag
2;3;4;#love;#lgbt
2;3;4;#lgbt;#love
2;3;4;#love;#allies
2;3;4;#allies;#love
2;3;4;#lgbt;#allies
2;3;4;#allies;#lgbt
2;2;3;@theview;@whoopigoldberg
2;2;3;@whoopigoldberg;@theview
2;2;3;#retail;#newyork
2;2;3;#newyork;#retail
2;2;3;#retail;#job
2;2;3;#job;#retail
2;2;3;#retail;#hiring
2;2;3;#hiring;#retail
2;2;3;#retail;#careerarc
2;2;3;#careerarc;#retail
2;2;3;#newyork;#job
2;2;3;#job;#newyork
2;2;3;#newyork;#hiring
2;2;3;#hiring;#newyork
2;2;3;#newyork;#careerarc
2;2;3;#careerarc;#newyork
2;2;3;#job;#hiring
2;2;3;#hiring;#job
2;2;3;#job;#careerarc
2;2;3;#careerarc;#job
2;2;3;#hiring;#careerarc
2;2;3;#careerarc;#hiring
2;3;4;#genderswag;#love
2;3;4;#love;#genderswag
2;3;4;#genderswag;#lgbt
2;3;4;#lgbt;#genderswag
2;3;4;#genderswag;#allies
2;3;4;#allies;#genderswag
2;3;4;#love;#lgbt
2;3;4;#lgbt;#love
2;3;4;#love;#allies
2;3;4;#allies;#love
2;3;4;#lgbt;#allies
2;3;4;#allies;#lgbt
2;2;2;#accounting;#job
2;2;2;#job;#accounting
2;2;2;#accounting;#woodbridge
2;2;2;#woodbridge;#accounting
2;2;2;#accounting;#jobs
2;2;2;#jobs;#accounting
2;2;2;#accounting;#hiring
2;2;2;#hiring;#accounting
2;2;2;#accounting;#careerarc
2;2;2;#careerarc;#accounting
2;2;2;#job;#woodbridge
2;2;2;#woodbridge;#job
2;2;2;#job;#jobs
2;2;2;#jobs;#job
2;2;2;#job;#hiring
2;2;2;#hiring;#job
2;2;2;#job;#careerarc
2;2;2;#careerarc;#job
2;2;2;#woodbridge;#jobs
2;2;2;#jobs;#woodbridge
2;2;2;#woodbridge;#hiring
2;2;2;#hiring;#woodbridge
2;2;2;#woodbridge;#careerarc
2;2;2;#careerarc;#woodbridge
2;2;2;#jobs;#hiring
2;2;2;#hiring;#jobs
2;2;2;#jobs;#careerarc
2;2;2;#careerarc;#jobs
2;2;2;#hiring;#careerarc
2;2;2;#careerarc;#hiring
2;3;4;#genderswag;#love
2;3;4;#love;#genderswag
2;3;4;#genderswag;#lgbt
2;3;4;#lgbt;#genderswag
2;3;4;#genderswag;#allies
2;3;4;#allies;#genderswag
2;3;4;#love;#lgbt
2;3;4;#lgbt;#love
2;3;4;#love;#allies
2;3;4;#allies;#love
2;3;4;#lgbt;#allies
2;3;4;#allies;#lgbt
2;2;4;@generalhospital;#gh
2;2;4;#gh;@generalhospital
2;2;4;@generalhospital;#julexis
2;2;4;#julexis;@generalhospital
2;2;4;#gh;#julexis
2;2;4;#julexis;#gh
2;3;4;#genderswag;#love
2;3;4;#love;#genderswag
2;3;4;#genderswag;#lgbt
2;3;4;#lgbt;#genderswag
2;3;4;#genderswag;#allies
2;3;4;#allies;#genderswag
2;3;4;#love;#lgbt
2;3;4;#lgbt;#love
2;3;4;#love;#allies
2;3;4;#allies;#love
2;3;4;#lgbt;#allies
2;3;4;#allies;#lgbt
2;2;3;#careerarc;#hospitality
2;2;3;#hospitality;#careerarc
2;2;3;#careerarc;#job
2;2;3;#job;#careerarc
2;2;3;#careerarc;#veterans
2;2;3;#veterans;#careerarc
2;2;3;#careerarc;#jobs
2;2;3;#jobs;#careerarc
2;2;3;#careerarc;#hiring
2;2;3;#hiring;#careerarc
2;2;3;#hospitality;#job
2;2;3;#job;#hospitality
2;2;3;#hospitality;#veterans
2;2;3;#veterans;#hospitality
2;2;3;#hospitality;#jobs
2;2;3;#jobs;#hospitality
2;2;3;#hospitality;#hiring
2;2;3;#hiring;#hospitality
2;2;3;#job;#veterans
2;2;3;#veterans;#job
2;2;3;#job;#jobs
2;2;3;#jobs;#job
2;2;3;#job;#hiring
2;2;3;#hiring;#job
2;2;3;#veterans;#jobs
2;2;3;#jobs;#veterans
2;2;3;#veterans;#hiring
2;2;3;#hiring;#veterans
2;2;3;#jobs;#hiring
2;2;3;#hiring;#jobs
6;3;5;@michaelkors;#nyfw
6;3;5;#nyfw;@michaelkors
2;2;2;#me;#hot
2;2;2;#hot;#me
4;3;3;#hermes;#nyfw
4;3;3;#nyfw;#hermes
3;3;3;#nyfw;#nyfwss16
3;3;3;#nyfwss16;#nyfw
2;3;4;#genderswag;#love
2;3;4;#love;#genderswag
2;3;4;#genderswag;#lgbt
2;3;4;#lgbt;#genderswag
2;3;4;#genderswag;#allies
2;3;4;#allies;#genderswag
2;3;4;#love;#lgbt
2;3;4;#lgbt;#love
2;3;4;#love;#allies
2;3;4;#allies;#love
2;3;4;#lgbt;#allies
2;3;4;#allies;#lgbt
2;2;3;#nyc;#aa
2;2;3;#aa;#nyc
2;2;4;#newyorkcity;#it
2;2;4;#it;#newyorkcity
2;2;4;#newyorkcity;#job
2;2;4;#job;#newyorkcity
2;2;4;#newyorkcity;#jobs
2;2;4;#jobs;#newyorkcity
2;2;4;#newyorkcity;#hiring
2;2;4;#hiring;#newyorkcity
2;2;4;#it;#job
2;2;4;#job;#it
2;2;4;#it;#jobs
2;2;4;#jobs;#it
2;2;4;#it;#hiring
2;2;4;#hiring;#it
2;2;4;#job;#jobs
2;2;4;#jobs;#job
2;2;4;#job;#hiring
2;2;4;#hiring;#job
2;2;4;#jobs;#hiring
2;2;4;#hiring;#jobs
2;3;4;#genderswag;#love
2;3;4;#love;#genderswag
2;3;4;#genderswag;#lgbt
2;3;4;#lgbt;#genderswag
2;3;4;#genderswag;#allies
2;3;4;#allies;#genderswag
2;3;4;#love;#lgbt
2;3;4;#lgbt;#love
2;3;4;#love;#allies
2;3;4;#allies;#love
2;3;4;#lgbt;#allies
2;3;4;#allies;#lgbt
3;3;4;#nyfw;#frontrow
3;3;4;#frontrow;#nyfw
2;3;4;#genderswag;#love
2;3;4;#love;#genderswag
2;3;4;#genderswag;#lgbt
2;3;4;#lgbt;#genderswag
2;3;4;#genderswag;#allies
2;3;4;#allies;#genderswag
2;3;4;#love;#lgbt
2;3;4;#lgbt;#love
2;3;4;#love;#allies
2;3;4;#allies;#love
2;3;4;#lgbt;#allies
2;3;4;#allies;#lgbt
2;3;4;#genderswag;#love
2;3;4;#love;#genderswag
2;3;4;#genderswag;#lgbt
2;3;4;#lgbt;#genderswag
2;3;4;#genderswag;#allies
2;3;4;#allies;#genderswag
2;3;4;#love;#lgbt
2;3;4;#lgbt;#love
2;3;4;#love;#allies
2;3;4;#allies;#love
2;3;4;#lgbt;#allies
2;3;4;#allies;#lgbt
2;2;2;#design;#interiordesign
2;2;2;#interiordesign;#design
3;2;4;@youngflowlleca;@djrarenyc
3;2;4;@djrarenyc;@youngflowlleca
3;2;4;@youngflowlleca;@djkassny
3;2;4;@djkassny;@youngflowlleca
3;2;4;@djrarenyc;@djkassny
3;2;4;@djkassny;@djrarenyc
2;3;4;#genderswag;#love
2;3;4;#love;#genderswag
2;3;4;#genderswag;#lgbt
2;3;4;#lgbt;#genderswag
2;3;4;#genderswag;#allies
2;3;4;#allies;#genderswag
2;3;4;#love;#lgbt
2;3;4;#lgbt;#love
2;3;4;#love;#allies
2;3;4;#allies;#love
2;3;4;#lgbt;#allies
2;3;4;#allies;#lgbt
2;3;4;#genderswag;#love
2;3;4;#love;#genderswag
2;3;4;#genderswag;#lgbt
2;3;4;#lgbt;#genderswag
2;3;4;#genderswag;#allies
2;3;4;#allies;#genderswag
2;3;4;#love;#lgbt
2;3;4;#lgbt;#love
2;3;4;#love;#allies
2;3;4;#allies;#love
2;3;4;#lgbt;#allies
2;3;4;#allies;#lgbt
2;3;4;#genderswag;#love
2;3;4;#love;#genderswag
2;3;4;#genderswag;#lgbt
2;3;4;#lgbt;#genderswag
2;3;4;#genderswag;#allies
2;3;4;#allies;#genderswag
2;3;4;#love;#lgbt
2;3;4;#lgbt;#love
2;3;4;#love;#allies
2;3;4;#allies;#love
2;3;4;#lgbt;#allies
2;3;4;#allies;#lgbt
2;3;4;#genderswag;#love
2;3;4;#love;#genderswag
2;3;4;#genderswag;#lgbt
2;3;4;#lgbt;#genderswag
2;3;4;#genderswag;#allies
2;3;4;#allies;#genderswag
2;3;4;#love;#lgbt
2;3;4;#lgbt;#love
2;3;4;#love;#allies
2;3;4;#allies;#love
2;3;4;#lgbt;#allies
2;3;4;#allies;#lgbt
2;3;4;#genderswag;#love
2;3;4;#love;#genderswag
2;3;4;#genderswag;#lgbt
2;3;4;#lgbt;#genderswag
2;3;4;#genderswag;#allies
2;3;4;#allies;#genderswag
2;3;4;#love;#lgbt
2;3;4;#lgbt;#love
2;3;4;#love;#allies
2;3;4;#allies;#love
2;3;4;#lgbt;#allies
2;3;4;#allies;#lgbt
2;3;4;#genderswag;#love
2;3;4;#love;#genderswag
2;3;4;#genderswag;#lgbt
2;3;4;#lgbt;#genderswag
2;3;4;#genderswag;#allies
2;3;4;#allies;#genderswag
2;3;4;#love;#lgbt
2;3;4;#lgbt;#love
2;3;4;#love;#allies
2;3;4;#allies;#love
2;3;4;#lgbt;#allies
2;3;4;#allies;#lgbt
2;3;4;#genderswag;#love
2;3;4;#love;#genderswag
2;3;4;#genderswag;#lgbt
2;3;4;#lgbt;#genderswag
2;3;4;#genderswag;#allies
2;3;4;#allies;#genderswag
2;3;4;#love;#lgbt
2;3;4;#lgbt;#love
2;3;4;#love;#allies
2;3;4;#allies;#love
2;3;4;#lgbt;#allies
2;3;4;#allies;#lgbt
2;1;3;#job;#rochester
2;1;3;#rochester;#job
3;3;4;@nycschools;@billdeblasio
3;3;4;@billdeblasio;@nycschools
1;1;0;#newyork;#nyc
1;1;0;#nyc;#newyork
1;1;0;#newyork;#fintech
1;1;0;#fintech;#newyork
1;1;0;#nyc;#fintech
1;1;0;#fintech;#nyc
2;3;3;@brandchat;@jade
2;3;3;@jade;@brandchat
2;3;3;@brandchat;#brandchat
2;3;3;#brandchat;@brandchat
2;3;3;@jade;#brandchat
2;3;3;#brandchat;@jade
2;2;3;#newyork;#internship
2;2;3;#internship;#newyork
2;2;3;#newyork;#job
2;2;3;#job;#newyork
2;2;3;#newyork;#jobs
2;2;3;#jobs;#newyork
2;2;3;#newyork;#hiring
2;2;3;#hiring;#newyork
2;2;3;#newyork;#careerarc
2;2;3;#careerarc;#newyork
2;2;3;#internship;#job
2;2;3;#job;#internship
2;2;3;#internship;#jobs
2;2;3;#jobs;#internship
2;2;3;#internship;#hiring
2;2;3;#hiring;#internship
2;2;3;#internship;#careerarc
2;2;3;#careerarc;#internship
2;2;3;#job;#jobs
2;2;3;#jobs;#job
2;2;3;#job;#hiring
2;2;3;#hiring;#job
2;2;3;#job;#careerarc
2;2;3;#careerarc;#job
2;2;3;#jobs;#hiring
2;2;3;#hiring;#jobs
2;2;3;#jobs;#careerarc
2;2;3;#careerarc;#jobs
2;2;3;#hiring;#careerarc
2;2;3;#careerarc;#hiring
2;2;2;#it;#job
2;2;2;#job;#it
2;2;2;#it;#newyork
2;2;2;#newyork;#it
2;2;2;#it;#hiring
2;2;2;#hiring;#it
2;2;2;#it;#careerarc
2;2;2;#careerarc;#it
2;2;2;#job;#newyork
2;2;2;#newyork;#job
2;2;2;#job;#hiring
2;2;2;#hiring;#job
2;2;2;#job;#careerarc
2;2;2;#careerarc;#job
2;2;2;#newyork;#hiring
2;2;2;#hiring;#newyork
2;2;2;#newyork;#careerarc
2;2;2;#careerarc;#newyork
2;2;2;#hiring;#careerarc
2;2;2;#careerarc;#hiring
2;0;4;#newyork;#accounting
2;0;4;#accounting;#newyork
2;0;4;#newyork;#rhfajobs
2;0;4;#rhfajobs;#newyork
2;0;4;#newyork;#job
2;0;4;#job;#newyork
2;0;4;#newyork;#jobs
2;0;4;#jobs;#newyork
2;0;4;#newyork;#hiring
2;0;4;#hiring;#newyork
2;0;4;#accounting;#rhfajobs
2;0;4;#rhfajobs;#accounting
2;0;4;#accounting;#job
2;0;4;#job;#accounting
2;0;4;#accounting;#jobs
2;0;4;#jobs;#accounting
2;0;4;#accounting;#hiring
2;0;4;#hiring;#accounting
2;0;4;#rhfajobs;#job
2;0;4;#job;#rhfajobs
2;0;4;#rhfajobs;#jobs
2;0;4;#jobs;#rhfajobs
2;0;4;#rhfajobs;#hiring
2;0;4;#hiring;#rhfajobs
2;0;4;#job;#jobs
2;0;4;#jobs;#job
2;0;4;#job;#hiring
2;0;4;#hiring;#job
2;0;4;#jobs;#hiring
2;0;4;#hiring;#jobs
2;3;2;#love;#nyc
2;3;2;#nyc;#love
4;2;4;#nyc;#ootd
4;2;4;#ootd;#nyc
2;2;3;#nyc;#statueofliberty
2;2;3;#statueofliberty;#nyc
2;2;2;#hiring;#job
2;2;2;#job;#hiring
2;2;2;#hiring;#newyork
2;2;2;#newyork;#hiring
2;2;2;#hiring;#art
2;2;2;#art;#hiring
2;2;2;#job;#newyork
2;2;2;#newyork;#job
2;2;2;#job;#art
2;2;2;#art;#job
2;2;2;#newyork;#art
2;2;2;#art;#newyork
2;3;4;#genderswag;#love
2;3;4;#love;#genderswag
2;3;4;#genderswag;#lgbt
2;3;4;#lgbt;#genderswag
2;3;4;#genderswag;#allies
2;3;4;#allies;#genderswag
2;3;4;#love;#lgbt
2;3;4;#lgbt;#love
2;3;4;#love;#allies
2;3;4;#allies;#love
2;3;4;#lgbt;#allies
2;3;4;#allies;#lgbt
2;3;4;#genderswag;#love
2;3;4;#love;#genderswag
2;3;4;#genderswag;#lgbt
2;3;4;#lgbt;#genderswag
2;3;4;#genderswag;#allies
2;3;4;#allies;#genderswag
2;3;4;#love;#lgbt
2;3;4;#lgbt;#love
2;3;4;#love;#allies
2;3;4;#allies;#love
2;3;4;#lgbt;#allies
2;3;4;#allies;#lgbt
4;3;3;@michaelkors;#allaccesskors
4;3;3;#allaccesskors;@michaelkors
4;3;3;@michaelkors;#nyfw
4;3;3;#nyfw;@michaelkors
4;3;3;#allaccesskors;#nyfw
4;3;3;#nyfw;#allaccesskors
2;2;1;#art;#job
2;2;1;#job;#art
2;2;1;#art;#woodbridge
2;2;1;#woodbridge;#art
2;2;1;#art;#hiring
2;2;1;#hiring;#art
2;2;1;#art;#careerarc
2;2;1;#careerarc;#art
2;2;1;#job;#woodbridge
2;2;1;#woodbridge;#job
2;2;1;#job;#hiring
2;2;1;#hiring;#job
2;2;1;#job;#careerarc
2;2;1;#careerarc;#job
2;2;1;#woodbridge;#hiring
2;2;1;#hiring;#woodbridge
2;2;1;#woodbridge;#careerarc
2;2;1;#careerarc;#woodbridge
2;2;1;#hiring;#careerarc
2;2;1;#careerarc;#hiring
3;2;3;#marketing;#bronx
3;2;3;#bronx;#marketing
2;3;3;@brandchat;#brandchat
2;3;3;#brandchat;@brandchat
2;2;2;#hospitality;#job
2;2;2;#job;#hospitality
2;2;2;#hospitality;#veterans
2;2;2;#veterans;#hospitality
2;2;2;#hospitality;#hiring
2;2;2;#hiring;#hospitality
2;2;2;#hospitality;#careerarc
2;2;2;#careerarc;#hospitality
2;2;2;#job;#veterans
2;2;2;#veterans;#job
2;2;2;#job;#hiring
2;2;2;#hiring;#job
2;2;2;#job;#careerarc
2;2;2;#careerarc;#job
2;2;2;#veterans;#hiring
2;2;2;#hiring;#veterans
2;2;2;#veterans;#careerarc
2;2;2;#careerarc;#veterans
2;2;2;#hiring;#careerarc
2;2;2;#careerarc;#hiring
2;3;4;#genderswag;#love
2;3;4;#love;#genderswag
2;3;4;#genderswag;#lgbt
2;3;4;#lgbt;#genderswag
2;3;4;#genderswag;#allies
2;3;4;#allies;#genderswag
2;3;4;#love;#lgbt
2;3;4;#lgbt;#love
2;3;4;#love;#allies
2;3;4;#allies;#love
2;3;4;#lgbt;#allies
2;3;4;#allies;#lgbt
2;3;4;#genderswag;#love
2;3;4;#love;#genderswag
2;3;4;#genderswag;#lgbt
2;3;4;#lgbt;#genderswag
2;3;4;#genderswag;#allies
2;3;4;#allies;#genderswag
2;3;4;#love;#lgbt
2;3;4;#lgbt;#love
2;3;4;#love;#allies
2;3;4;#allies;#love
2;3;4;#lgbt;#allies
2;3;4;#allies;#lgbt
2;3;4;#genderswag;#love
2;3;4;#love;#genderswag
2;3;4;#genderswag;#lgbt
2;3;4;#lgbt;#genderswag
2;3;4;#genderswag;#allies
2;3;4;#allies;#genderswag
2;3;4;#love;#lgbt
2;3;4;#lgbt;#love
2;3;4;#love;#allies
2;3;4;#allies;#love
2;3;4;#lgbt;#allies
2;3;4;#allies;#lgbt
2;3;4;#genderswag;#love
2;3;4;#love;#genderswag
2;3;4;#genderswag;#lgbt
2;3;4;#lgbt;#genderswag
2;3;4;#genderswag;#allies
2;3;4;#allies;#genderswag
2;3;4;#love;#lgbt
2;3;4;#lgbt;#love
2;3;4;#love;#allies
2;3;4;#allies;#love
2;3;4;#lgbt;#allies
2;3;4;#allies;#lgbt
2;3;4;#genderswag;#love
2;3;4;#love;#genderswag
2;3;4;#genderswag;#lgbt
2;3;4;#lgbt;#genderswag
2;3;4;#genderswag;#allies
2;3;4;#allies;#genderswag
2;3;4;#love;#lgbt
2;3;4;#lgbt;#love
2;3;4;#love;#allies
2;3;4;#allies;#love
2;3;4;#lgbt;#allies
2;3;4;#allies;#lgbt
2;2;2;#tech;#feedly
2;2;2;#feedly;#tech
2;2;3;#hmu;#legit
2;2;3;#legit;#hmu
2;2;2;#repost;#prabalgurung
2;2;2;#prabalgurung;#repost
2;2;2;#repost;#nyfw
2;2;2;#nyfw;#repost
2;2;2;#repost;#nyfw2015
2;2;2;#nyfw2015;#repost
2;2;2;#prabalgurung;#nyfw
2;2;2;#nyfw;#prabalgurung
2;2;2;#prabalgurung;#nyfw2015
2;2;2;#nyfw2015;#prabalgurung
2;2;2;#nyfw;#nyfw2015
2;2;2;#nyfw2015;#nyfw
2;3;4;#genderswag;#love
2;3;4;#love;#genderswag
2;3;4;#genderswag;#lgbt
2;3;4;#lgbt;#genderswag
2;3;4;#genderswag;#allies
2;3;4;#allies;#genderswag
2;3;4;#love;#lgbt
2;3;4;#lgbt;#love
2;3;4;#love;#allies
2;3;4;#allies;#love
2;3;4;#lgbt;#allies
2;3;4;#allies;#lgbt
1;0;3;#job;#healthcare
1;0;3;#healthcare;#job
1;0;3;#job;#hiring
1;0;3;#hiring;#job
1;0;3;#healthcare;#hiring
1;0;3;#hiring;#healthcare
2;2;2;#fdny;#hellskitchen
2;2;2;#hellskitchen;#fdny
2;2;2;#fdny;#nyc
2;2;2;#nyc;#fdny
2;2;2;#hellskitchen;#nyc
2;2;2;#nyc;#hellskitchen
3;2;4;@promo;@yumont
3;2;4;@yumont;@promo
3;2;4;@promo;@malefeetish
3;2;4;@malefeetish;@promo
3;2;4;@yumont;@malefeetish
3;2;4;@malefeetish;@yumont
2;3;4;#genderswag;#love
2;3;4;#love;#genderswag
2;3;4;#genderswag;#lgbt
2;3;4;#lgbt;#genderswag
2;3;4;#genderswag;#allies
2;3;4;#allies;#genderswag
2;3;4;#love;#lgbt
2;3;4;#lgbt;#love
2;3;4;#love;#allies
2;3;4;#allies;#love
2;3;4;#lgbt;#allies
2;3;4;#allies;#lgbt
2;3;4;#genderswag;#love
2;3;4;#love;#genderswag
2;3;4;#genderswag;#lgbt
2;3;4;#lgbt;#genderswag
2;3;4;#genderswag;#allies
2;3;4;#allies;#genderswag
2;3;4;#love;#lgbt
2;3;4;#lgbt;#love
2;3;4;#love;#allies
2;3;4;#allies;#love
2;3;4;#lgbt;#allies
2;3;4;#allies;#lgbt
2;3;4;#genderswag;#love
2;3;4;#love;#genderswag
2;3;4;#genderswag;#lgbt
2;3;4;#lgbt;#genderswag
2;3;4;#genderswag;#allies
2;3;4;#allies;#genderswag
2;3;4;#love;#lgbt
2;3;4;#lgbt;#love
2;3;4;#love;#allies
2;3;4;#allies;#love
2;3;4;#lgbt;#allies
2;3;4;#allies;#lgbt
2;3;4;#genderswag;#love
2;3;4;#love;#genderswag
2;3;4;#genderswag;#lgbt
2;3;4;#lgbt;#genderswag
2;3;4;#genderswag;#allies
2;3;4;#allies;#genderswag
2;3;4;#love;#lgbt
2;3;4;#lgbt;#love
2;3;4;#love;#allies
2;3;4;#allies;#love
2;3;4;#lgbt;#allies
2;3;4;#allies;#lgbt
2;2;3;@joshuadun;@tylerrjoseph
2;2;3;@tylerrjoseph;@joshuadun
2;3;3;@brandchat;#brandchat
2;3;3;#brandchat;@brandchat
2;0;4;#accounting;#job
2;0;4;#job;#accounting
2;0;4;#accounting;#newyork
2;0;4;#newyork;#accounting
2;0;4;#job;#newyork
2;0;4;#newyork;#job
2;2;1;#legal;#job
2;2;1;#job;#legal
2;2;1;#legal;#newyork
2;2;1;#newyork;#legal
2;2;1;#legal;#hiring
2;2;1;#hiring;#legal
2;2;1;#legal;#careerarc
2;2;1;#careerarc;#legal
2;2;1;#job;#newyork
2;2;1;#newyork;#job
2;2;1;#job;#hiring
2;2;1;#hiring;#job
2;2;1;#job;#careerarc
2;2;1;#careerarc;#job
2;2;1;#newyork;#hiring
2;2;1;#hiring;#newyork
2;2;1;#newyork;#careerarc
2;2;1;#careerarc;#newyork
2;2;1;#hiring;#careerarc
2;2;1;#careerarc;#hiring
2;2;2;#nyc;#hellskitchen
2;2;2;#hellskitchen;#nyc
2;2;2;#nyc;#midtown
2;2;2;#midtown;#nyc
2;2;2;#nyc;#fire
2;2;2;#fire;#nyc
2;2;2;#hellskitchen;#midtown
2;2;2;#midtown;#hellskitchen
2;2;2;#hellskitchen;#fire
2;2;2;#fire;#hellskitchen
2;2;2;#midtown;#fire
2;2;2;#fire;#midtown
2;3;3;@buffalobills;#billsmafia
2;3;3;#billsmafia;@buffalobills
