timestamp_hour;tweets_count;Out;In
N;N;S;S
11;2;#sales;#job
11;2;#job;#sales
11;2;#sales;#glenmont
11;2;#glenmont;#sales
11;2;#sales;#jobs
11;2;#jobs;#sales
11;2;#sales;#hiring
11;2;#hiring;#sales
11;2;#job;#glenmont
11;2;#glenmont;#job
11;2;#job;#jobs
11;2;#jobs;#job
11;2;#job;#hiring
11;2;#hiring;#job
11;2;#glenmont;#jobs
11;2;#jobs;#glenmont
11;2;#glenmont;#hiring
11;2;#hiring;#glenmont
11;2;#jobs;#hiring
11;2;#hiring;#jobs
11;3;#newyork;#marketing
11;3;#marketing;#newyork
11;3;#newyork;#job
11;3;#job;#newyork
11;3;#newyork;#jobs
11;3;#jobs;#newyork
11;3;#newyork;#hiring
11;3;#hiring;#newyork
11;3;#newyork;#careerarc
11;3;#careerarc;#newyork
11;3;#marketing;#job
11;3;#job;#marketing
11;3;#marketing;#jobs
11;3;#jobs;#marketing
11;3;#marketing;#hiring
11;3;#hiring;#marketing
11;3;#marketing;#careerarc
11;3;#careerarc;#marketing
11;3;#job;#jobs
11;3;#jobs;#job
11;3;#job;#hiring
11;3;#hiring;#job
11;3;#job;#careerarc
11;3;#careerarc;#job
11;3;#jobs;#hiring
11;3;#hiring;#jobs
11;3;#jobs;#careerarc
11;3;#careerarc;#jobs
11;3;#hiring;#careerarc
11;3;#careerarc;#hiring
11;3;#nursing;#job
11;3;#job;#nursing
11;3;#nursing;#jobs
11;3;#jobs;#nursing
11;3;#nursing;#hiring
11;3;#hiring;#nursing
11;3;#job;#jobs
11;3;#jobs;#job
11;3;#job;#hiring
11;3;#hiring;#job
11;3;#jobs;#hiring
11;3;#hiring;#jobs
11;4;#love;#hair
11;4;#hair;#love
11;4;#love;#thankyou
11;4;#thankyou;#love
11;4;#love;#best
11;4;#best;#love
11;4;#love;#business
11;4;#business;#love
11;4;#hair;#thankyou
11;4;#thankyou;#hair
11;4;#hair;#best
11;4;#best;#hair
11;4;#hair;#business
11;4;#business;#hair
11;4;#thankyou;#best
11;4;#best;#thankyou
11;4;#thankyou;#business
11;4;#business;#thankyou
11;4;#best;#business
11;4;#business;#best
11;4;@heatherorourke7;@kalaramatv
11;4;@kalaramatv;@heatherorourke7
11;4;@heatherorourke7;@amyfreeze
11;4;@amyfreeze;@heatherorourke7
11;4;@kalaramatv;@amyfreeze
11;4;@amyfreeze;@kalaramatv
11;2;#newyork;#job
11;2;#job;#newyork
11;2;#newyork;#healthcare
11;2;#healthcare;#newyork
11;2;#job;#healthcare
11;2;#healthcare;#job
11;2;@midnight;#badmoviemashups
11;2;#badmoviemashups;@midnight
11;3;#ff;@ae
11;3;@ae;#ff
11;4;@lindacohn;@sportscenter
11;4;@sportscenter;@lindacohn
11;4;@lindacohn;@espn
11;4;@espn;@lindacohn
11;4;@sportscenter;@espn
11;4;@espn;@sportscenter
11;3;#beautiful;#view
11;3;#view;#beautiful
11;3;#beautiful;#nyc
11;3;#nyc;#beautiful
11;3;#view;#nyc
11;3;#nyc;#view
11;2;#coupon;#jackson
11;2;#jackson;#coupon
11;2;#coupon;#newjersey
11;2;#newjersey;#coupon
11;2;#jackson;#newjersey
11;2;#newjersey;#jackson
11;3;@hillaryclinton;@monsantoco
11;3;@monsantoco;@hillaryclinton
11;3;#nyc;#hudsonyards
11;3;#hudsonyards;#nyc
11;4;#nyfw;#blogger
11;4;#blogger;#nyfw
11;4;#nyfw;#backstage
11;4;#backstage;#nyfw
11;4;#blogger;#backstage
11;4;#backstage;#blogger
11;2;#coupon;#jackson
11;2;#jackson;#coupon
11;2;#coupon;#newjersey
11;2;#newjersey;#coupon
11;2;#jackson;#newjersey
11;2;#newjersey;#jackson
11;2;#coupon;#jackson
11;2;#jackson;#coupon
11;2;#coupon;#newjersey
11;2;#newjersey;#coupon
11;2;#jackson;#newjersey
11;2;#newjersey;#jackson
11;3;#internship;#job
11;3;#job;#internship
11;3;#internship;#newyork
11;3;#newyork;#internship
11;3;#internship;#jobs
11;3;#jobs;#internship
11;3;#internship;#hiring
11;3;#hiring;#internship
11;3;#job;#newyork
11;3;#newyork;#job
11;3;#job;#jobs
11;3;#jobs;#job
11;3;#job;#hiring
11;3;#hiring;#job
11;3;#newyork;#jobs
11;3;#jobs;#newyork
11;3;#newyork;#hiring
11;3;#hiring;#newyork
11;3;#jobs;#hiring
11;3;#hiring;#jobs
11;3;@realdonaldtrump;@dhecei
11;3;@dhecei;@realdonaldtrump
11;2;#engineering;#job
11;2;#job;#engineering
11;2;#engineering;#newyork
11;2;#newyork;#engineering
11;2;#engineering;#hiring
11;2;#hiring;#engineering
11;2;#engineering;#careerarc
11;2;#careerarc;#engineering
11;2;#job;#newyork
11;2;#newyork;#job
11;2;#job;#hiring
11;2;#hiring;#job
11;2;#job;#careerarc
11;2;#careerarc;#job
11;2;#newyork;#hiring
11;2;#hiring;#newyork
11;2;#newyork;#careerarc
11;2;#careerarc;#newyork
11;2;#hiring;#careerarc
11;2;#careerarc;#hiring
11;2;#albany;#hospitality
11;2;#hospitality;#albany
11;2;#albany;#job
11;2;#job;#albany
11;2;#albany;#jobs
11;2;#jobs;#albany
11;2;#albany;#hiring
11;2;#hiring;#albany
11;2;#hospitality;#job
11;2;#job;#hospitality
11;2;#hospitality;#jobs
11;2;#jobs;#hospitality
11;2;#hospitality;#hiring
11;2;#hiring;#hospitality
11;2;#job;#jobs
11;2;#jobs;#job
11;2;#job;#hiring
11;2;#hiring;#job
11;2;#jobs;#hiring
11;2;#hiring;#jobs
11;3;@bibhumohapatra;#ss16
11;3;#ss16;@bibhumohapatra
11;3;@bibhumohapatra;#cfdanyfw
11;3;#cfdanyfw;@bibhumohapatra
11;3;#ss16;#cfdanyfw
11;3;#cfdanyfw;#ss16
11;3;#nyfw;#ss16
11;3;#ss16;#nyfw
11;3;#nyfw;#dvf
11;3;#dvf;#nyfw
11;3;#ss16;#dvf
11;3;#dvf;#ss16
11;3;#art;#job
11;3;#job;#art
11;3;#art;#newyork
11;3;#newyork;#art
11;3;#art;#hiring
11;3;#hiring;#art
11;3;#art;#careerarc
11;3;#careerarc;#art
11;3;#job;#newyork
11;3;#newyork;#job
11;3;#job;#hiring
11;3;#hiring;#job
11;3;#job;#careerarc
11;3;#careerarc;#job
11;3;#newyork;#hiring
11;3;#hiring;#newyork
11;3;#newyork;#careerarc
11;3;#careerarc;#newyork
11;3;#hiring;#careerarc
11;3;#careerarc;#hiring
11;3;#nyc;#timessquare
11;3;#timessquare;#nyc
11;3;#nyc;#newyork
11;3;#newyork;#nyc
11;3;#nyc;@francescoyates
11;3;@francescoyates;#nyc
11;3;#nyc;#travel
11;3;#travel;#nyc
11;3;#nyc;#usa
11;3;#usa;#nyc
11;3;#timessquare;#newyork
11;3;#newyork;#timessquare
11;3;#timessquare;@francescoyates
11;3;@francescoyates;#timessquare
11;3;#timessquare;#travel
11;3;#travel;#timessquare
11;3;#timessquare;#usa
11;3;#usa;#timessquare
11;3;#newyork;@francescoyates
11;3;@francescoyates;#newyork
11;3;#newyork;#travel
11;3;#travel;#newyork
11;3;#newyork;#usa
11;3;#usa;#newyork
11;3;@francescoyates;#travel
11;3;#travel;@francescoyates
11;3;@francescoyates;#usa
11;3;#usa;@francescoyates
11;3;#travel;#usa
11;3;#usa;#travel
11;3;#marketing;#job
11;3;#job;#marketing
11;3;#marketing;#newyork
11;3;#newyork;#marketing
11;3;#marketing;#hiring
11;3;#hiring;#marketing
11;3;#marketing;#careerarc
11;3;#careerarc;#marketing
11;3;#job;#newyork
11;3;#newyork;#job
11;3;#job;#hiring
11;3;#hiring;#job
11;3;#job;#careerarc
11;3;#careerarc;#job
11;3;#newyork;#hiring
11;3;#hiring;#newyork
11;3;#newyork;#careerarc
11;3;#careerarc;#newyork
11;3;#hiring;#careerarc
11;3;#careerarc;#hiring
11;2;@midnight;#badmoviemashups
11;2;#badmoviemashups;@midnight
11;4;@potus;@netanyahu
11;4;@netanyahu;@potus
11;4;@eseazenabor;#nyfw
11;4;#nyfw;@eseazenabor
11;2;#hiring;#it
11;2;#it;#hiring
11;2;#hiring;#newyork
11;2;#newyork;#hiring
11;2;#hiring;#job
11;2;#job;#hiring
11;2;#hiring;#jobs
11;2;#jobs;#hiring
11;2;#hiring;#careerarc
11;2;#careerarc;#hiring
11;2;#it;#newyork
11;2;#newyork;#it
11;2;#it;#job
11;2;#job;#it
11;2;#it;#jobs
11;2;#jobs;#it
11;2;#it;#careerarc
11;2;#careerarc;#it
11;2;#newyork;#job
11;2;#job;#newyork
11;2;#newyork;#jobs
11;2;#jobs;#newyork
11;2;#newyork;#careerarc
11;2;#careerarc;#newyork
11;2;#job;#jobs
11;2;#jobs;#job
11;2;#job;#careerarc
11;2;#careerarc;#job
11;2;#jobs;#careerarc
11;2;#careerarc;#jobs
11;2;#hiring;#newyork
11;2;#newyork;#hiring
11;2;#hiring;#job
11;2;#job;#hiring
11;2;#hiring;#jobs
11;2;#jobs;#hiring
11;2;#hiring;#careerarc
11;2;#careerarc;#hiring
11;2;#newyork;#job
11;2;#job;#newyork
11;2;#newyork;#jobs
11;2;#jobs;#newyork
11;2;#newyork;#careerarc
11;2;#careerarc;#newyork
11;2;#job;#jobs
11;2;#jobs;#job
11;2;#job;#careerarc
11;2;#careerarc;#job
11;2;#jobs;#careerarc
11;2;#careerarc;#jobs
11;3;#giveaway;#bookboost
11;3;#bookboost;#giveaway
11;3;#giveaway;#winewednesday
11;3;#winewednesday;#giveaway
11;3;#bookboost;#winewednesday
11;3;#winewednesday;#bookboost
11;3;@igmpj;@nobfhere
11;3;@nobfhere;@igmpj
11;3;@igmpj;@ehorstman36
11;3;@ehorstman36;@igmpj
11;3;@igmpj;@george
11;3;@george;@igmpj
11;3;@igmpj;@salgualano
11;3;@salgualano;@igmpj
11;3;@igmpj;@chengweiming
11;3;@chengweiming;@igmpj
11;3;@igmpj;@michaelseymourx
11;3;@michaelseymourx;@igmpj
11;3;@nobfhere;@ehorstman36
11;3;@ehorstman36;@nobfhere
11;3;@nobfhere;@george
11;3;@george;@nobfhere
11;3;@nobfhere;@salgualano
11;3;@salgualano;@nobfhere
11;3;@nobfhere;@chengweiming
11;3;@chengweiming;@nobfhere
11;3;@nobfhere;@michaelseymourx
11;3;@michaelseymourx;@nobfhere
11;3;@ehorstman36;@george
11;3;@george;@ehorstman36
11;3;@ehorstman36;@salgualano
11;3;@salgualano;@ehorstman36
11;3;@ehorstman36;@chengweiming
11;3;@chengweiming;@ehorstman36
11;3;@ehorstman36;@michaelseymourx
11;3;@michaelseymourx;@ehorstman36
11;3;@george;@salgualano
11;3;@salgualano;@george
11;3;@george;@chengweiming
11;3;@chengweiming;@george
11;3;@george;@michaelseymourx
11;3;@michaelseymourx;@george
11;3;@salgualano;@chengweiming
11;3;@chengweiming;@salgualano
11;3;@salgualano;@michaelseymourx
11;3;@michaelseymourx;@salgualano
11;3;@chengweiming;@michaelseymourx
11;3;@michaelseymourx;@chengweiming
11;2;#art;#job
11;2;#job;#art
11;2;#art;#admin
11;2;#admin;#art
11;2;#art;#newyork
11;2;#newyork;#art
11;2;#art;#hiring
11;2;#hiring;#art
11;2;#art;#careerarc
11;2;#careerarc;#art
11;2;#job;#admin
11;2;#admin;#job
11;2;#job;#newyork
11;2;#newyork;#job
11;2;#job;#hiring
11;2;#hiring;#job
11;2;#job;#careerarc
11;2;#careerarc;#job
11;2;#admin;#newyork
11;2;#newyork;#admin
11;2;#admin;#hiring
11;2;#hiring;#admin
11;2;#admin;#careerarc
11;2;#careerarc;#admin
11;2;#newyork;#hiring
11;2;#hiring;#newyork
11;2;#newyork;#careerarc
11;2;#careerarc;#newyork
11;2;#hiring;#careerarc
11;2;#careerarc;#hiring
11;3;#newyork;#manhattan
11;3;#manhattan;#newyork
11;3;#newyork;#usa
11;3;#usa;#newyork
11;3;#manhattan;#usa
11;3;#usa;#manhattan
11;2;@theweeknd;@kendricklamar
11;2;@kendricklamar;@theweeknd
11;2;@nerouk;#newmusic
11;2;#newmusic;@nerouk
11;2;#ny;#oriental
11;2;#oriental;#ny
11;4;#nyfw;#michaelkors
11;4;#michaelkors;#nyfw
11;5;#thebronx;#traffic
11;5;#traffic;#thebronx
11;3;#newyork;#internship
11;3;#internship;#newyork
11;3;#newyork;#job
11;3;#job;#newyork
11;3;#newyork;#jobs
11;3;#jobs;#newyork
11;3;#newyork;#hiring
11;3;#hiring;#newyork
11;3;#newyork;#careerarc
11;3;#careerarc;#newyork
11;3;#internship;#job
11;3;#job;#internship
11;3;#internship;#jobs
11;3;#jobs;#internship
11;3;#internship;#hiring
11;3;#hiring;#internship
11;3;#internship;#careerarc
11;3;#careerarc;#internship
11;3;#job;#jobs
11;3;#jobs;#job
11;3;#job;#hiring
11;3;#hiring;#job
11;3;#job;#careerarc
11;3;#careerarc;#job
11;3;#jobs;#hiring
11;3;#hiring;#jobs
11;3;#jobs;#careerarc
11;3;#careerarc;#jobs
11;3;#hiring;#careerarc
11;3;#careerarc;#hiring
11;5;#nyc;#traffic
11;5;#traffic;#nyc
11;3;#corona;#retail
11;3;#retail;#corona
11;3;#corona;#job
11;3;#job;#corona
11;3;#corona;#jobs
11;3;#jobs;#corona
11;3;#corona;#hiring
11;3;#hiring;#corona
11;3;#corona;#careerarc
11;3;#careerarc;#corona
11;3;#retail;#job
11;3;#job;#retail
11;3;#retail;#jobs
11;3;#jobs;#retail
11;3;#retail;#hiring
11;3;#hiring;#retail
11;3;#retail;#careerarc
11;3;#careerarc;#retail
11;3;#job;#jobs
11;3;#jobs;#job
11;3;#job;#hiring
11;3;#hiring;#job
11;3;#job;#careerarc
11;3;#careerarc;#job
11;3;#jobs;#hiring
11;3;#hiring;#jobs
11;3;#jobs;#careerarc
11;3;#careerarc;#jobs
11;3;#hiring;#careerarc
11;3;#careerarc;#hiring
11;3;#brooklyn;#internship
11;3;#internship;#brooklyn
11;3;#brooklyn;#job
11;3;#job;#brooklyn
11;3;#brooklyn;#jobs
11;3;#jobs;#brooklyn
11;3;#brooklyn;#hiring
11;3;#hiring;#brooklyn
11;3;#brooklyn;#careerarc
11;3;#careerarc;#brooklyn
11;3;#internship;#job
11;3;#job;#internship
11;3;#internship;#jobs
11;3;#jobs;#internship
11;3;#internship;#hiring
11;3;#hiring;#internship
11;3;#internship;#careerarc
11;3;#careerarc;#internship
11;3;#job;#jobs
11;3;#jobs;#job
11;3;#job;#hiring
11;3;#hiring;#job
11;3;#job;#careerarc
11;3;#careerarc;#job
11;3;#jobs;#hiring
11;3;#hiring;#jobs
11;3;#jobs;#careerarc
11;3;#careerarc;#jobs
11;3;#hiring;#careerarc
11;3;#careerarc;#hiring
11;2;#newyork;#job
11;2;#job;#newyork
11;2;#newyork;#accounting
11;2;#accounting;#newyork
11;2;#newyork;#hiring
11;2;#hiring;#newyork
11;2;#job;#accounting
11;2;#accounting;#job
11;2;#job;#hiring
11;2;#hiring;#job
11;2;#accounting;#hiring
11;2;#hiring;#accounting
11;3;#nyfw;#nyc
11;3;#nyc;#nyfw
11;3;@billdeblasio;#education
11;3;#education;@billdeblasio
11;4;#moments;#family
11;4;#family;#moments
11;4;#moments;#purpose
11;4;#purpose;#moments
11;4;#family;#purpose
11;4;#purpose;#family
11;5;@michaelkors;#nyfw
11;5;#nyfw;@michaelkors
11;3;#retail;#job
11;3;#job;#retail
11;3;#retail;#newyork
11;3;#newyork;#retail
11;3;#retail;#hiring
11;3;#hiring;#retail
11;3;#retail;#careerarc
11;3;#careerarc;#retail
11;3;#job;#newyork
11;3;#newyork;#job
11;3;#job;#hiring
11;3;#hiring;#job
11;3;#job;#careerarc
11;3;#careerarc;#job
11;3;#newyork;#hiring
11;3;#hiring;#newyork
11;3;#newyork;#careerarc
11;3;#careerarc;#newyork
11;3;#hiring;#careerarc
11;3;#careerarc;#hiring
11;5;@michaelkors;#nyfw
11;5;#nyfw;@michaelkors
11;1;#manufacturing;#job
11;1;#job;#manufacturing
11;1;#manufacturing;#newyork
11;1;#newyork;#manufacturing
11;1;#manufacturing;#hiring
11;1;#hiring;#manufacturing
11;1;#job;#newyork
11;1;#newyork;#job
11;1;#job;#hiring
11;1;#hiring;#job
11;1;#newyork;#hiring
11;1;#hiring;#newyork
11;3;#bookboost;#winewednesday
11;3;#winewednesday;#bookboost
11;4;@linspiredinca;@nardiahuang
11;4;@nardiahuang;@linspiredinca
11;4;@linspiredinca;@amazon
11;4;@amazon;@linspiredinca
11;4;@nardiahuang;@amazon
11;4;@amazon;@nardiahuang
11;3;#inspiration;#quote
11;3;#quote;#inspiration
11;4;#dicethegod;#nyfw15
11;4;#nyfw15;#dicethegod
11;4;#doctorwho;@doctorwho
11;4;@doctorwho;#doctorwho
11;4;#genderswag;#love
11;4;#love;#genderswag
11;4;#genderswag;#lgbt
11;4;#lgbt;#genderswag
11;4;#genderswag;#allies
11;4;#allies;#genderswag
11;4;#love;#lgbt
11;4;#lgbt;#love
11;4;#love;#allies
11;4;#allies;#love
11;4;#lgbt;#allies
11;4;#allies;#lgbt
11;2;#businessmgmt;#job
11;2;#job;#businessmgmt
11;2;#businessmgmt;#newyork
11;2;#newyork;#businessmgmt
11;2;#businessmgmt;#kellyjobs
11;2;#kellyjobs;#businessmgmt
11;2;#businessmgmt;#kellyservices
11;2;#kellyservices;#businessmgmt
11;2;#businessmgmt;#jobs
11;2;#jobs;#businessmgmt
11;2;#businessmgmt;#hiring
11;2;#hiring;#businessmgmt
11;2;#job;#newyork
11;2;#newyork;#job
11;2;#job;#kellyjobs
11;2;#kellyjobs;#job
11;2;#job;#kellyservices
11;2;#kellyservices;#job
11;2;#job;#jobs
11;2;#jobs;#job
11;2;#job;#hiring
11;2;#hiring;#job
11;2;#newyork;#kellyjobs
11;2;#kellyjobs;#newyork
11;2;#newyork;#kellyservices
11;2;#kellyservices;#newyork
11;2;#newyork;#jobs
11;2;#jobs;#newyork
11;2;#newyork;#hiring
11;2;#hiring;#newyork
11;2;#kellyjobs;#kellyservices
11;2;#kellyservices;#kellyjobs
11;2;#kellyjobs;#jobs
11;2;#jobs;#kellyjobs
11;2;#kellyjobs;#hiring
11;2;#hiring;#kellyjobs
11;2;#kellyservices;#jobs
11;2;#jobs;#kellyservices
11;2;#kellyservices;#hiring
11;2;#hiring;#kellyservices
11;2;#jobs;#hiring
11;2;#hiring;#jobs
11;4;#genderswag;#love
11;4;#love;#genderswag
11;4;#genderswag;#lgbt
11;4;#lgbt;#genderswag
11;4;#genderswag;#allies
11;4;#allies;#genderswag
11;4;#love;#lgbt
11;4;#lgbt;#love
11;4;#love;#allies
11;4;#allies;#love
11;4;#lgbt;#allies
11;4;#allies;#lgbt
11;2;#albany;#pharmaceutical
11;2;#pharmaceutical;#albany
11;2;#albany;#job
11;2;#job;#albany
11;2;#albany;#jobs
11;2;#jobs;#albany
11;2;#albany;#hiring
11;2;#hiring;#albany
11;2;#pharmaceutical;#job
11;2;#job;#pharmaceutical
11;2;#pharmaceutical;#jobs
11;2;#jobs;#pharmaceutical
11;2;#pharmaceutical;#hiring
11;2;#hiring;#pharmaceutical
11;2;#job;#jobs
11;2;#jobs;#job
11;2;#job;#hiring
11;2;#hiring;#job
11;2;#jobs;#hiring
11;2;#hiring;#jobs
11;3;#manhattan;#newyork
11;3;#newyork;#manhattan
11;3;#manhattan;#nyfw
11;3;#nyfw;#manhattan
11;3;#manhattan;#ny
11;3;#ny;#manhattan
11;3;#manhattan;#snapchat
11;3;#snapchat;#manhattan
11;3;#newyork;#nyfw
11;3;#nyfw;#newyork
11;3;#newyork;#ny
11;3;#ny;#newyork
11;3;#newyork;#snapchat
11;3;#snapchat;#newyork
11;3;#nyfw;#ny
11;3;#ny;#nyfw
11;3;#nyfw;#snapchat
11;3;#snapchat;#nyfw
11;3;#ny;#snapchat
11;3;#snapchat;#ny
11;4;#genderswag;#love
11;4;#love;#genderswag
11;4;#genderswag;#lgbt
11;4;#lgbt;#genderswag
11;4;#genderswag;#allies
11;4;#allies;#genderswag
11;4;#love;#lgbt
11;4;#lgbt;#love
11;4;#love;#allies
11;4;#allies;#love
11;4;#lgbt;#allies
11;4;#allies;#lgbt
11;4;#nyfw;#michaelkors
11;4;#michaelkors;#nyfw
11;4;#genderswag;#love
11;4;#love;#genderswag
11;4;#genderswag;#lgbt
11;4;#lgbt;#genderswag
11;4;#genderswag;#allies
11;4;#allies;#genderswag
11;4;#love;#lgbt
11;4;#lgbt;#love
11;4;#love;#allies
11;4;#allies;#love
11;4;#lgbt;#allies
11;4;#allies;#lgbt
11;4;#genderswag;#love
11;4;#love;#genderswag
11;4;#genderswag;#lgbt
11;4;#lgbt;#genderswag
11;4;#genderswag;#allies
11;4;#allies;#genderswag
11;4;#love;#lgbt
11;4;#lgbt;#love
11;4;#love;#allies
11;4;#allies;#love
11;4;#lgbt;#allies
11;4;#allies;#lgbt
11;3;#job;#dialysis
11;3;#dialysis;#job
11;3;#job;#brooklyn
11;3;#brooklyn;#job
11;3;#job;#hiring
11;3;#hiring;#job
11;3;#job;#careerarc
11;3;#careerarc;#job
11;3;#dialysis;#brooklyn
11;3;#brooklyn;#dialysis
11;3;#dialysis;#hiring
11;3;#hiring;#dialysis
11;3;#dialysis;#careerarc
11;3;#careerarc;#dialysis
11;3;#brooklyn;#hiring
11;3;#hiring;#brooklyn
11;3;#brooklyn;#careerarc
11;3;#careerarc;#brooklyn
11;3;#hiring;#careerarc
11;3;#careerarc;#hiring
11;2;#america;#wallstreet
11;2;#wallstreet;#america
11;2;#america;#diversity
11;2;#diversity;#america
11;2;#wallstreet;#diversity
11;2;#diversity;#wallstreet
11;4;#genderswag;#love
11;4;#love;#genderswag
11;4;#genderswag;#lgbt
11;4;#lgbt;#genderswag
11;4;#genderswag;#allies
11;4;#allies;#genderswag
11;4;#love;#lgbt
11;4;#lgbt;#love
11;4;#love;#allies
11;4;#allies;#love
11;4;#lgbt;#allies
11;4;#allies;#lgbt
11;4;#genderswag;#love
11;4;#love;#genderswag
11;4;#genderswag;#lgbt
11;4;#lgbt;#genderswag
11;4;#genderswag;#allies
11;4;#allies;#genderswag
11;4;#love;#lgbt
11;4;#lgbt;#love
11;4;#love;#allies
11;4;#allies;#love
11;4;#lgbt;#allies
11;4;#allies;#lgbt
11;1;#physician;#job
11;1;#job;#physician
11;1;#physician;#astoria
11;1;#astoria;#physician
11;1;#physician;#veterans
11;1;#veterans;#physician
11;1;#physician;#jobs
11;1;#jobs;#physician
11;1;#physician;#hiring
11;1;#hiring;#physician
11;1;#job;#astoria
11;1;#astoria;#job
11;1;#job;#veterans
11;1;#veterans;#job
11;1;#job;#jobs
11;1;#jobs;#job
11;1;#job;#hiring
11;1;#hiring;#job
11;1;#astoria;#veterans
11;1;#veterans;#astoria
11;1;#astoria;#jobs
11;1;#jobs;#astoria
11;1;#astoria;#hiring
11;1;#hiring;#astoria
11;1;#veterans;#jobs
11;1;#jobs;#veterans
11;1;#veterans;#hiring
11;1;#hiring;#veterans
11;1;#jobs;#hiring
11;1;#hiring;#jobs
11;4;#genderswag;#love
11;4;#love;#genderswag
11;4;#genderswag;#lgbt
11;4;#lgbt;#genderswag
11;4;#genderswag;#allies
11;4;#allies;#genderswag
11;4;#love;#lgbt
11;4;#lgbt;#love
11;4;#love;#allies
11;4;#allies;#love
11;4;#lgbt;#allies
11;4;#allies;#lgbt
11;3;@todayshow;@hodakotb
11;3;@hodakotb;@todayshow
11;3;@todayshow;@kathielgifford
11;3;@kathielgifford;@todayshow
11;3;@hodakotb;@kathielgifford
11;3;@kathielgifford;@hodakotb
11;4;#genderswag;#love
11;4;#love;#genderswag
11;4;#genderswag;#lgbt
11;4;#lgbt;#genderswag
11;4;#genderswag;#allies
11;4;#allies;#genderswag
11;4;#love;#lgbt
11;4;#lgbt;#love
11;4;#love;#allies
11;4;#allies;#love
11;4;#lgbt;#allies
11;4;#allies;#lgbt
11;3;@billdeblasio;@nycschools
11;3;@nycschools;@billdeblasio
11;4;@nycschools;@billdeblasio
11;4;@billdeblasio;@nycschools
11;4;#genderswag;#love
11;4;#love;#genderswag
11;4;#genderswag;#lgbt
11;4;#lgbt;#genderswag
11;4;#genderswag;#allies
11;4;#allies;#genderswag
11;4;#love;#lgbt
11;4;#lgbt;#love
11;4;#love;#allies
11;4;#allies;#love
11;4;#lgbt;#allies
11;4;#allies;#lgbt
11;4;#genderswag;#love
11;4;#love;#genderswag
11;4;#genderswag;#lgbt
11;4;#lgbt;#genderswag
11;4;#genderswag;#allies
11;4;#allies;#genderswag
11;4;#love;#lgbt
11;4;#lgbt;#love
11;4;#love;#allies
11;4;#allies;#love
11;4;#lgbt;#allies
11;4;#allies;#lgbt
11;4;#genderswag;#love
11;4;#love;#genderswag
11;4;#genderswag;#lgbt
11;4;#lgbt;#genderswag
11;4;#genderswag;#allies
11;4;#allies;#genderswag
11;4;#love;#lgbt
11;4;#lgbt;#love
11;4;#love;#allies
11;4;#allies;#love
11;4;#lgbt;#allies
11;4;#allies;#lgbt
11;3;@venuseswilliams;@serenawilliams
11;3;@serenawilliams;@venuseswilliams
11;4;#genderswag;#love
11;4;#love;#genderswag
11;4;#genderswag;#lgbt
11;4;#lgbt;#genderswag
11;4;#genderswag;#allies
11;4;#allies;#genderswag
11;4;#love;#lgbt
11;4;#lgbt;#love
11;4;#love;#allies
11;4;#allies;#love
11;4;#lgbt;#allies
11;4;#allies;#lgbt
11;4;#genderswag;#love
11;4;#love;#genderswag
11;4;#genderswag;#lgbt
11;4;#lgbt;#genderswag
11;4;#genderswag;#allies
11;4;#allies;#genderswag
11;4;#love;#lgbt
11;4;#lgbt;#love
11;4;#love;#allies
11;4;#allies;#love
11;4;#lgbt;#allies
11;4;#allies;#lgbt
11;4;#genderswag;#love
11;4;#love;#genderswag
11;4;#genderswag;#lgbt
11;4;#lgbt;#genderswag
11;4;#genderswag;#allies
11;4;#allies;#genderswag
11;4;#love;#lgbt
11;4;#lgbt;#love
11;4;#love;#allies
11;4;#allies;#love
11;4;#lgbt;#allies
11;4;#allies;#lgbt
11;2;#newyork;#clerical
11;2;#clerical;#newyork
11;2;#newyork;#job
11;2;#job;#newyork
11;2;#newyork;#jobs
11;2;#jobs;#newyork
11;2;#newyork;#hiring
11;2;#hiring;#newyork
11;2;#newyork;#careerarc
11;2;#careerarc;#newyork
11;2;#clerical;#job
11;2;#job;#clerical
11;2;#clerical;#jobs
11;2;#jobs;#clerical
11;2;#clerical;#hiring
11;2;#hiring;#clerical
11;2;#clerical;#careerarc
11;2;#careerarc;#clerical
11;2;#job;#jobs
11;2;#jobs;#job
11;2;#job;#hiring
11;2;#hiring;#job
11;2;#job;#careerarc
11;2;#careerarc;#job
11;2;#jobs;#hiring
11;2;#hiring;#jobs
11;2;#jobs;#careerarc
11;2;#careerarc;#jobs
11;2;#hiring;#careerarc
11;2;#careerarc;#hiring
11;4;#genderswag;#love
11;4;#love;#genderswag
11;4;#genderswag;#lgbt
11;4;#lgbt;#genderswag
11;4;#genderswag;#allies
11;4;#allies;#genderswag
11;4;#love;#lgbt
11;4;#lgbt;#love
11;4;#love;#allies
11;4;#allies;#love
11;4;#lgbt;#allies
11;4;#allies;#lgbt
11;4;#genderswag;#love
11;4;#love;#genderswag
11;4;#genderswag;#lgbt
11;4;#lgbt;#genderswag
11;4;#genderswag;#allies
11;4;#allies;#genderswag
11;4;#love;#lgbt
11;4;#lgbt;#love
11;4;#love;#allies
11;4;#allies;#love
11;4;#lgbt;#allies
11;4;#allies;#lgbt
11;3;@theview;@whoopigoldberg
11;3;@whoopigoldberg;@theview
11;3;#retail;#newyork
11;3;#newyork;#retail
11;3;#retail;#job
11;3;#job;#retail
11;3;#retail;#hiring
11;3;#hiring;#retail
11;3;#retail;#careerarc
11;3;#careerarc;#retail
11;3;#newyork;#job
11;3;#job;#newyork
11;3;#newyork;#hiring
11;3;#hiring;#newyork
11;3;#newyork;#careerarc
11;3;#careerarc;#newyork
11;3;#job;#hiring
11;3;#hiring;#job
11;3;#job;#careerarc
11;3;#careerarc;#job
11;3;#hiring;#careerarc
11;3;#careerarc;#hiring
11;4;#genderswag;#love
11;4;#love;#genderswag
11;4;#genderswag;#lgbt
11;4;#lgbt;#genderswag
11;4;#genderswag;#allies
11;4;#allies;#genderswag
11;4;#love;#lgbt
11;4;#lgbt;#love
11;4;#love;#allies
11;4;#allies;#love
11;4;#lgbt;#allies
11;4;#allies;#lgbt
11;2;#accounting;#job
11;2;#job;#accounting
11;2;#accounting;#woodbridge
11;2;#woodbridge;#accounting
11;2;#accounting;#jobs
11;2;#jobs;#accounting
11;2;#accounting;#hiring
11;2;#hiring;#accounting
11;2;#accounting;#careerarc
11;2;#careerarc;#accounting
11;2;#job;#woodbridge
11;2;#woodbridge;#job
11;2;#job;#jobs
11;2;#jobs;#job
11;2;#job;#hiring
11;2;#hiring;#job
11;2;#job;#careerarc
11;2;#careerarc;#job
11;2;#woodbridge;#jobs
11;2;#jobs;#woodbridge
11;2;#woodbridge;#hiring
11;2;#hiring;#woodbridge
11;2;#woodbridge;#careerarc
11;2;#careerarc;#woodbridge
11;2;#jobs;#hiring
11;2;#hiring;#jobs
11;2;#jobs;#careerarc
11;2;#careerarc;#jobs
11;2;#hiring;#careerarc
11;2;#careerarc;#hiring
11;4;#genderswag;#love
11;4;#love;#genderswag
11;4;#genderswag;#lgbt
11;4;#lgbt;#genderswag
11;4;#genderswag;#allies
11;4;#allies;#genderswag
11;4;#love;#lgbt
11;4;#lgbt;#love
11;4;#love;#allies
11;4;#allies;#love
11;4;#lgbt;#allies
11;4;#allies;#lgbt
11;4;@generalhospital;#gh
11;4;#gh;@generalhospital
11;4;@generalhospital;#julexis
11;4;#julexis;@generalhospital
11;4;#gh;#julexis
11;4;#julexis;#gh
11;4;#genderswag;#love
11;4;#love;#genderswag
11;4;#genderswag;#lgbt
11;4;#lgbt;#genderswag
11;4;#genderswag;#allies
11;4;#allies;#genderswag
11;4;#love;#lgbt
11;4;#lgbt;#love
11;4;#love;#allies
11;4;#allies;#love
11;4;#lgbt;#allies
11;4;#allies;#lgbt
11;3;#careerarc;#hospitality
11;3;#hospitality;#careerarc
11;3;#careerarc;#job
11;3;#job;#careerarc
11;3;#careerarc;#veterans
11;3;#veterans;#careerarc
11;3;#careerarc;#jobs
11;3;#jobs;#careerarc
11;3;#careerarc;#hiring
11;3;#hiring;#careerarc
11;3;#hospitality;#job
11;3;#job;#hospitality
11;3;#hospitality;#veterans
11;3;#veterans;#hospitality
11;3;#hospitality;#jobs
11;3;#jobs;#hospitality
11;3;#hospitality;#hiring
11;3;#hiring;#hospitality
11;3;#job;#veterans
11;3;#veterans;#job
11;3;#job;#jobs
11;3;#jobs;#job
11;3;#job;#hiring
11;3;#hiring;#job
11;3;#veterans;#jobs
11;3;#jobs;#veterans
11;3;#veterans;#hiring
11;3;#hiring;#veterans
11;3;#jobs;#hiring
11;3;#hiring;#jobs
11;5;@michaelkors;#nyfw
11;5;#nyfw;@michaelkors
11;2;#me;#hot
11;2;#hot;#me
11;3;#hermes;#nyfw
11;3;#nyfw;#hermes
11;3;#nyfw;#nyfwss16
11;3;#nyfwss16;#nyfw
11;4;#genderswag;#love
11;4;#love;#genderswag
11;4;#genderswag;#lgbt
11;4;#lgbt;#genderswag
11;4;#genderswag;#allies
11;4;#allies;#genderswag
11;4;#love;#lgbt
11;4;#lgbt;#love
11;4;#love;#allies
11;4;#allies;#love
11;4;#lgbt;#allies
11;4;#allies;#lgbt
11;3;#nyc;#aa
11;3;#aa;#nyc
11;4;#newyorkcity;#it
11;4;#it;#newyorkcity
11;4;#newyorkcity;#job
11;4;#job;#newyorkcity
11;4;#newyorkcity;#jobs
11;4;#jobs;#newyorkcity
11;4;#newyorkcity;#hiring
11;4;#hiring;#newyorkcity
11;4;#it;#job
11;4;#job;#it
11;4;#it;#jobs
11;4;#jobs;#it
11;4;#it;#hiring
11;4;#hiring;#it
11;4;#job;#jobs
11;4;#jobs;#job
11;4;#job;#hiring
11;4;#hiring;#job
11;4;#jobs;#hiring
11;4;#hiring;#jobs
11;4;#genderswag;#love
11;4;#love;#genderswag
11;4;#genderswag;#lgbt
11;4;#lgbt;#genderswag
11;4;#genderswag;#allies
11;4;#allies;#genderswag
11;4;#love;#lgbt
11;4;#lgbt;#love
11;4;#love;#allies
11;4;#allies;#love
11;4;#lgbt;#allies
11;4;#allies;#lgbt
11;4;#nyfw;#frontrow
11;4;#frontrow;#nyfw
11;4;#genderswag;#love
11;4;#love;#genderswag
11;4;#genderswag;#lgbt
11;4;#lgbt;#genderswag
11;4;#genderswag;#allies
11;4;#allies;#genderswag
11;4;#love;#lgbt
11;4;#lgbt;#love
11;4;#love;#allies
11;4;#allies;#love
11;4;#lgbt;#allies
11;4;#allies;#lgbt
11;4;#genderswag;#love
11;4;#love;#genderswag
11;4;#genderswag;#lgbt
11;4;#lgbt;#genderswag
11;4;#genderswag;#allies
11;4;#allies;#genderswag
11;4;#love;#lgbt
11;4;#lgbt;#love
11;4;#love;#allies
11;4;#allies;#love
11;4;#lgbt;#allies
11;4;#allies;#lgbt
11;2;#design;#interiordesign
11;2;#interiordesign;#design
11;4;@youngflowlleca;@djrarenyc
11;4;@djrarenyc;@youngflowlleca
11;4;@youngflowlleca;@djkassny
11;4;@djkassny;@youngflowlleca
11;4;@djrarenyc;@djkassny
11;4;@djkassny;@djrarenyc
11;4;#genderswag;#love
11;4;#love;#genderswag
11;4;#genderswag;#lgbt
11;4;#lgbt;#genderswag
11;4;#genderswag;#allies
11;4;#allies;#genderswag
11;4;#love;#lgbt
11;4;#lgbt;#love
11;4;#love;#allies
11;4;#allies;#love
11;4;#lgbt;#allies
11;4;#allies;#lgbt
11;4;#genderswag;#love
11;4;#love;#genderswag
11;4;#genderswag;#lgbt
11;4;#lgbt;#genderswag
11;4;#genderswag;#allies
11;4;#allies;#genderswag
11;4;#love;#lgbt
11;4;#lgbt;#love
11;4;#love;#allies
11;4;#allies;#love
11;4;#lgbt;#allies
11;4;#allies;#lgbt
11;4;#genderswag;#love
11;4;#love;#genderswag
11;4;#genderswag;#lgbt
11;4;#lgbt;#genderswag
11;4;#genderswag;#allies
11;4;#allies;#genderswag
11;4;#love;#lgbt
11;4;#lgbt;#love
11;4;#love;#allies
11;4;#allies;#love
11;4;#lgbt;#allies
11;4;#allies;#lgbt
11;4;#genderswag;#love
11;4;#love;#genderswag
11;4;#genderswag;#lgbt
11;4;#lgbt;#genderswag
11;4;#genderswag;#allies
11;4;#allies;#genderswag
11;4;#love;#lgbt
11;4;#lgbt;#love
11;4;#love;#allies
11;4;#allies;#love
11;4;#lgbt;#allies
11;4;#allies;#lgbt
11;4;#genderswag;#love
11;4;#love;#genderswag
11;4;#genderswag;#lgbt
11;4;#lgbt;#genderswag
11;4;#genderswag;#allies
11;4;#allies;#genderswag
11;4;#love;#lgbt
11;4;#lgbt;#love
11;4;#love;#allies
11;4;#allies;#love
11;4;#lgbt;#allies
11;4;#allies;#lgbt
11;4;#genderswag;#love
11;4;#love;#genderswag
11;4;#genderswag;#lgbt
11;4;#lgbt;#genderswag
11;4;#genderswag;#allies
11;4;#allies;#genderswag
11;4;#love;#lgbt
11;4;#lgbt;#love
11;4;#love;#allies
11;4;#allies;#love
11;4;#lgbt;#allies
11;4;#allies;#lgbt
11;4;#genderswag;#love
11;4;#love;#genderswag
11;4;#genderswag;#lgbt
11;4;#lgbt;#genderswag
11;4;#genderswag;#allies
11;4;#allies;#genderswag
11;4;#love;#lgbt
11;4;#lgbt;#love
11;4;#love;#allies
11;4;#allies;#love
11;4;#lgbt;#allies
11;4;#allies;#lgbt
11;3;#job;#rochester
11;3;#rochester;#job
11;4;@nycschools;@billdeblasio
11;4;@billdeblasio;@nycschools
11;0;#newyork;#nyc
11;0;#nyc;#newyork
11;0;#newyork;#fintech
11;0;#fintech;#newyork
11;0;#nyc;#fintech
11;0;#fintech;#nyc
11;3;@brandchat;@jade
11;3;@jade;@brandchat
11;3;@brandchat;#brandchat
11;3;#brandchat;@brandchat
11;3;@jade;#brandchat
11;3;#brandchat;@jade
11;3;#newyork;#internship
11;3;#internship;#newyork
11;3;#newyork;#job
11;3;#job;#newyork
11;3;#newyork;#jobs
11;3;#jobs;#newyork
11;3;#newyork;#hiring
11;3;#hiring;#newyork
11;3;#newyork;#careerarc
11;3;#careerarc;#newyork
11;3;#internship;#job
11;3;#job;#internship
11;3;#internship;#jobs
11;3;#jobs;#internship
11;3;#internship;#hiring
11;3;#hiring;#internship
11;3;#internship;#careerarc
11;3;#careerarc;#internship
11;3;#job;#jobs
11;3;#jobs;#job
11;3;#job;#hiring
11;3;#hiring;#job
11;3;#job;#careerarc
11;3;#careerarc;#job
11;3;#jobs;#hiring
11;3;#hiring;#jobs
11;3;#jobs;#careerarc
11;3;#careerarc;#jobs
11;3;#hiring;#careerarc
11;3;#careerarc;#hiring
11;2;#it;#job
11;2;#job;#it
11;2;#it;#newyork
11;2;#newyork;#it
11;2;#it;#hiring
11;2;#hiring;#it
11;2;#it;#careerarc
11;2;#careerarc;#it
11;2;#job;#newyork
11;2;#newyork;#job
11;2;#job;#hiring
11;2;#hiring;#job
11;2;#job;#careerarc
11;2;#careerarc;#job
11;2;#newyork;#hiring
11;2;#hiring;#newyork
11;2;#newyork;#careerarc
11;2;#careerarc;#newyork
11;2;#hiring;#careerarc
11;2;#careerarc;#hiring
11;4;#newyork;#accounting
11;4;#accounting;#newyork
11;4;#newyork;#rhfajobs
11;4;#rhfajobs;#newyork
11;4;#newyork;#job
11;4;#job;#newyork
11;4;#newyork;#jobs
11;4;#jobs;#newyork
11;4;#newyork;#hiring
11;4;#hiring;#newyork
11;4;#accounting;#rhfajobs
11;4;#rhfajobs;#accounting
11;4;#accounting;#job
11;4;#job;#accounting
11;4;#accounting;#jobs
11;4;#jobs;#accounting
11;4;#accounting;#hiring
11;4;#hiring;#accounting
11;4;#rhfajobs;#job
11;4;#job;#rhfajobs
11;4;#rhfajobs;#jobs
11;4;#jobs;#rhfajobs
11;4;#rhfajobs;#hiring
11;4;#hiring;#rhfajobs
11;4;#job;#jobs
11;4;#jobs;#job
11;4;#job;#hiring
11;4;#hiring;#job
11;4;#jobs;#hiring
11;4;#hiring;#jobs
11;2;#love;#nyc
11;2;#nyc;#love
11;4;#nyc;#ootd
11;4;#ootd;#nyc
11;3;#nyc;#statueofliberty
11;3;#statueofliberty;#nyc
11;2;#hiring;#job
11;2;#job;#hiring
11;2;#hiring;#newyork
11;2;#newyork;#hiring
11;2;#hiring;#art
11;2;#art;#hiring
11;2;#job;#newyork
11;2;#newyork;#job
11;2;#job;#art
11;2;#art;#job
11;2;#newyork;#art
11;2;#art;#newyork
11;4;#genderswag;#love
11;4;#love;#genderswag
11;4;#genderswag;#lgbt
11;4;#lgbt;#genderswag
11;4;#genderswag;#allies
11;4;#allies;#genderswag
11;4;#love;#lgbt
11;4;#lgbt;#love
11;4;#love;#allies
11;4;#allies;#love
11;4;#lgbt;#allies
11;4;#allies;#lgbt
11;4;#genderswag;#love
11;4;#love;#genderswag
11;4;#genderswag;#lgbt
11;4;#lgbt;#genderswag
11;4;#genderswag;#allies
11;4;#allies;#genderswag
11;4;#love;#lgbt
11;4;#lgbt;#love
11;4;#love;#allies
11;4;#allies;#love
11;4;#lgbt;#allies
11;4;#allies;#lgbt
11;3;@michaelkors;#allaccesskors
11;3;#allaccesskors;@michaelkors
11;3;@michaelkors;#nyfw
11;3;#nyfw;@michaelkors
11;3;#allaccesskors;#nyfw
11;3;#nyfw;#allaccesskors
11;1;#art;#job
11;1;#job;#art
11;1;#art;#woodbridge
11;1;#woodbridge;#art
11;1;#art;#hiring
11;1;#hiring;#art
11;1;#art;#careerarc
11;1;#careerarc;#art
11;1;#job;#woodbridge
11;1;#woodbridge;#job
11;1;#job;#hiring
11;1;#hiring;#job
11;1;#job;#careerarc
11;1;#careerarc;#job
11;1;#woodbridge;#hiring
11;1;#hiring;#woodbridge
11;1;#woodbridge;#careerarc
11;1;#careerarc;#woodbridge
11;1;#hiring;#careerarc
11;1;#careerarc;#hiring
11;3;#marketing;#bronx
11;3;#bronx;#marketing
11;3;@brandchat;#brandchat
11;3;#brandchat;@brandchat
11;2;#hospitality;#job
11;2;#job;#hospitality
11;2;#hospitality;#veterans
11;2;#veterans;#hospitality
11;2;#hospitality;#hiring
11;2;#hiring;#hospitality
11;2;#hospitality;#careerarc
11;2;#careerarc;#hospitality
11;2;#job;#veterans
11;2;#veterans;#job
11;2;#job;#hiring
11;2;#hiring;#job
11;2;#job;#careerarc
11;2;#careerarc;#job
11;2;#veterans;#hiring
11;2;#hiring;#veterans
11;2;#veterans;#careerarc
11;2;#careerarc;#veterans
11;2;#hiring;#careerarc
11;2;#careerarc;#hiring
11;4;#genderswag;#love
11;4;#love;#genderswag
11;4;#genderswag;#lgbt
11;4;#lgbt;#genderswag
11;4;#genderswag;#allies
11;4;#allies;#genderswag
11;4;#love;#lgbt
11;4;#lgbt;#love
11;4;#love;#allies
11;4;#allies;#love
11;4;#lgbt;#allies
11;4;#allies;#lgbt
11;4;#genderswag;#love
11;4;#love;#genderswag
11;4;#genderswag;#lgbt
11;4;#lgbt;#genderswag
11;4;#genderswag;#allies
11;4;#allies;#genderswag
11;4;#love;#lgbt
11;4;#lgbt;#love
11;4;#love;#allies
11;4;#allies;#love
11;4;#lgbt;#allies
11;4;#allies;#lgbt
11;4;#genderswag;#love
11;4;#love;#genderswag
11;4;#genderswag;#lgbt
11;4;#lgbt;#genderswag
11;4;#genderswag;#allies
11;4;#allies;#genderswag
11;4;#love;#lgbt
11;4;#lgbt;#love
11;4;#love;#allies
11;4;#allies;#love
11;4;#lgbt;#allies
11;4;#allies;#lgbt
11;4;#genderswag;#love
11;4;#love;#genderswag
11;4;#genderswag;#lgbt
11;4;#lgbt;#genderswag
11;4;#genderswag;#allies
11;4;#allies;#genderswag
11;4;#love;#lgbt
11;4;#lgbt;#love
11;4;#love;#allies
11;4;#allies;#love
11;4;#lgbt;#allies
11;4;#allies;#lgbt
11;4;#genderswag;#love
11;4;#love;#genderswag
11;4;#genderswag;#lgbt
11;4;#lgbt;#genderswag
11;4;#genderswag;#allies
11;4;#allies;#genderswag
11;4;#love;#lgbt
11;4;#lgbt;#love
11;4;#love;#allies
11;4;#allies;#love
11;4;#lgbt;#allies
11;4;#allies;#lgbt
11;2;#tech;#feedly
11;2;#feedly;#tech
11;3;#hmu;#legit
11;3;#legit;#hmu
11;2;#repost;#prabalgurung
11;2;#prabalgurung;#repost
11;2;#repost;#nyfw
11;2;#nyfw;#repost
11;2;#repost;#nyfw2015
11;2;#nyfw2015;#repost
11;2;#prabalgurung;#nyfw
11;2;#nyfw;#prabalgurung
11;2;#prabalgurung;#nyfw2015
11;2;#nyfw2015;#prabalgurung
11;2;#nyfw;#nyfw2015
11;2;#nyfw2015;#nyfw
11;4;#genderswag;#love
11;4;#love;#genderswag
11;4;#genderswag;#lgbt
11;4;#lgbt;#genderswag
11;4;#genderswag;#allies
11;4;#allies;#genderswag
11;4;#love;#lgbt
11;4;#lgbt;#love
11;4;#love;#allies
11;4;#allies;#love
11;4;#lgbt;#allies
11;4;#allies;#lgbt
11;3;#job;#healthcare
11;3;#healthcare;#job
11;3;#job;#hiring
11;3;#hiring;#job
11;3;#healthcare;#hiring
11;3;#hiring;#healthcare
11;2;#fdny;#hellskitchen
11;2;#hellskitchen;#fdny
11;2;#fdny;#nyc
11;2;#nyc;#fdny
11;2;#hellskitchen;#nyc
11;2;#nyc;#hellskitchen
11;4;@promo;@yumont
11;4;@yumont;@promo
11;4;@promo;@malefeetish
11;4;@malefeetish;@promo
11;4;@yumont;@malefeetish
11;4;@malefeetish;@yumont
11;4;#genderswag;#love
11;4;#love;#genderswag
11;4;#genderswag;#lgbt
11;4;#lgbt;#genderswag
11;4;#genderswag;#allies
11;4;#allies;#genderswag
11;4;#love;#lgbt
11;4;#lgbt;#love
11;4;#love;#allies
11;4;#allies;#love
11;4;#lgbt;#allies
11;4;#allies;#lgbt
11;4;#genderswag;#love
11;4;#love;#genderswag
11;4;#genderswag;#lgbt
11;4;#lgbt;#genderswag
11;4;#genderswag;#allies
11;4;#allies;#genderswag
11;4;#love;#lgbt
11;4;#lgbt;#love
11;4;#love;#allies
11;4;#allies;#love
11;4;#lgbt;#allies
11;4;#allies;#lgbt
11;4;#genderswag;#love
11;4;#love;#genderswag
11;4;#genderswag;#lgbt
11;4;#lgbt;#genderswag
11;4;#genderswag;#allies
11;4;#allies;#genderswag
11;4;#love;#lgbt
11;4;#lgbt;#love
11;4;#love;#allies
11;4;#allies;#love
11;4;#lgbt;#allies
11;4;#allies;#lgbt
11;4;#genderswag;#love
11;4;#love;#genderswag
11;4;#genderswag;#lgbt
11;4;#lgbt;#genderswag
11;4;#genderswag;#allies
11;4;#allies;#genderswag
11;4;#love;#lgbt
11;4;#lgbt;#love
11;4;#love;#allies
11;4;#allies;#love
11;4;#lgbt;#allies
11;4;#allies;#lgbt
11;3;@joshuadun;@tylerrjoseph
11;3;@tylerrjoseph;@joshuadun
11;3;@brandchat;#brandchat
11;3;#brandchat;@brandchat
11;4;#accounting;#job
11;4;#job;#accounting
11;4;#accounting;#newyork
11;4;#newyork;#accounting
11;4;#job;#newyork
11;4;#newyork;#job
11;1;#legal;#job
11;1;#job;#legal
11;1;#legal;#newyork
11;1;#newyork;#legal
11;1;#legal;#hiring
11;1;#hiring;#legal
11;1;#legal;#careerarc
11;1;#careerarc;#legal
11;1;#job;#newyork
11;1;#newyork;#job
11;1;#job;#hiring
11;1;#hiring;#job
11;1;#job;#careerarc
11;1;#careerarc;#job
11;1;#newyork;#hiring
11;1;#hiring;#newyork
11;1;#newyork;#careerarc
11;1;#careerarc;#newyork
11;1;#hiring;#careerarc
11;1;#careerarc;#hiring
11;2;#nyc;#hellskitchen
11;2;#hellskitchen;#nyc
11;2;#nyc;#midtown
11;2;#midtown;#nyc
11;2;#nyc;#fire
11;2;#fire;#nyc
11;2;#hellskitchen;#midtown
11;2;#midtown;#hellskitchen
11;2;#hellskitchen;#fire
11;2;#fire;#hellskitchen
11;2;#midtown;#fire
11;2;#fire;#midtown
11;3;@buffalobills;#billsmafia
11;3;#billsmafia;@buffalobills
